Copyright 1986-2022 Xilinx, Inc. All Rights Reserved. Copyright 2022-2026 Advanced Micro Devices, Inc. All Rights Reserved.
------------------------------------------------------------------------------------------------------------------------------------------------------------------------------------------------------------------------------------------------------------
| Tool Version : Vivado v.2026.1 (lin64) Build 6511674 Tue Jun 16 11:01:26 MDT 2026
| Date         : Sat Oct 10 17:24:48 2026
| Host         : nixos-laptop running 64-bit unknown
| Command      : report_timing_summary -max_paths 10 -routable_nets -report_unconstrained -file design_1_wrapper_timing_summary_routed.rpt -pb design_1_wrapper_timing_summary_routed.pb -rpx design_1_wrapper_timing_summary_routed.rpx -warn_on_violation
| Design       : design_1_wrapper
| Device       : 7a35t-cpg236
| Speed File   : -1  PRODUCTION 1.23 2018-06-13
| Design State : Routed
------------------------------------------------------------------------------------------------------------------------------------------------------------------------------------------------------------------------------------------------------------

Timing Summary Report

------------------------------------------------------------------------------------------------
| Timer Settings
| --------------
------------------------------------------------------------------------------------------------

  Enable Multi Corner Analysis               :  Yes
  Enable Pessimism Removal                   :  Yes
  Pessimism Removal Resolution               :  Nearest Common Node
  Enable Input Delay Default Clock           :  No
  Enable Preset / Clear Arcs                 :  No
  Disable Flight Delays                      :  No
  Ignore I/O Paths                           :  No
  Timing Early Launch at Borrowing Latches   :  No
  Borrow Time for Max Delay Exceptions       :  Yes
  Merge Timing Exceptions                    :  Yes
  Inter-SLR Compensation                     :  Conservative

  Corner  Analyze    Analyze    
  Name    Max Paths  Min Paths  
  ------  ---------  ---------  
  Slow    Yes        Yes        
  Fast    Yes        Yes        


------------------------------------------------------------------------------------------------
| Report Methodology
| ------------------
------------------------------------------------------------------------------------------------

Rule       Severity  Description                                                       Violations  
---------  --------  ----------------------------------------------------------------  ----------  
CKLD-2     Warning   Clock Net has IO Driver, not a Clock Buf, and/or non-Clock loads  1           
TIMING-18  Warning   Missing input or output delay                                     2           

Note: This report is based on the most recent report_methodology run and may not be up-to-date. Run report_methodology on the current design for the latest report.



check_timing report

Table of Contents
-----------------
1. checking no_clock (0)
2. checking constant_clock (0)
3. checking pulse_width_clock (0)
4. checking unconstrained_internal_endpoints (0)
5. checking no_input_delay (1)
6. checking no_output_delay (1)
7. checking multiple_clock (0)
8. checking generated_clocks (0)
9. checking loops (0)
10. checking partial_input_delay (0)
11. checking partial_output_delay (0)
12. checking latch_loops (0)

1. checking no_clock (0)
------------------------
 There are 0 register/latch pins with no clock.


2. checking constant_clock (0)
------------------------------
 There are 0 register/latch pins with constant_clock.


3. checking pulse_width_clock (0)
---------------------------------
 There are 0 register/latch pins which need pulse_width check


4. checking unconstrained_internal_endpoints (0)
------------------------------------------------
 There are 0 pins that are not constrained for maximum delay.

 There are 0 pins that are not constrained for maximum delay due to constant clock.


5. checking no_input_delay (1)
------------------------------
 There is 1 input port with no input delay specified. (HIGH)

 There are 0 input ports with no input delay but user has a false path constraint.


6. checking no_output_delay (1)
-------------------------------
 There is 1 port with no output delay specified. (HIGH)

 There are 0 ports with no output delay but user has a false path constraint

 There are 0 ports with no output delay but with a timing clock defined on it or propagating through it


7. checking multiple_clock (0)
------------------------------
 There are 0 register/latch pins with multiple clocks.


8. checking generated_clocks (0)
--------------------------------
 There are 0 generated clocks that are not connected to a clock source.


9. checking loops (0)
---------------------
 There are 0 combinational loops in the design.


10. checking partial_input_delay (0)
------------------------------------
 There are 0 input ports with partial input delay specified.


11. checking partial_output_delay (0)
-------------------------------------
 There are 0 ports with partial output delay specified.


12. checking latch_loops (0)
----------------------------
 There are 0 combinational latch loops in the design through latch input



------------------------------------------------------------------------------------------------
| Design Timing Summary
| ---------------------
------------------------------------------------------------------------------------------------

    WNS(ns)      TNS(ns)  TNS Failing Endpoints  TNS Total Endpoints      WHS(ns)      THS(ns)  THS Failing Endpoints  THS Total Endpoints     WPWS(ns)     TPWS(ns)  TPWS Failing Endpoints  TPWS Total Endpoints  
    -------      -------  ---------------------  -------------------      -------      -------  ---------------------  -------------------     --------     --------  ----------------------  --------------------  
      4.980        0.000                      0                   28        0.316        0.000                      0                   28        4.500        0.000                       0                    28  


All user specified timing constraints are met.


------------------------------------------------------------------------------------------------
| Clock Summary
| -------------
------------------------------------------------------------------------------------------------

Clock        Waveform(ns)       Period(ns)      Frequency(MHz)
-----        ------------       ----------      --------------
sys_clk_pin  {0.000 5.000}      10.000          100.000         


------------------------------------------------------------------------------------------------
| Intra Clock Table
| -----------------
------------------------------------------------------------------------------------------------

Clock             WNS(ns)      TNS(ns)  TNS Failing Endpoints  TNS Total Endpoints      WHS(ns)      THS(ns)  THS Failing Endpoints  THS Total Endpoints     WPWS(ns)     TPWS(ns)  TPWS Failing Endpoints  TPWS Total Endpoints  
-----             -------      -------  ---------------------  -------------------      -------      -------  ---------------------  -------------------     --------     --------  ----------------------  --------------------  
sys_clk_pin         4.980        0.000                      0                   28        0.316        0.000                      0                   28        4.500        0.000                       0                    28  


------------------------------------------------------------------------------------------------
| Inter Clock Table
| -----------------
------------------------------------------------------------------------------------------------

From Clock    To Clock          WNS(ns)      TNS(ns)  TNS Failing Endpoints  TNS Total Endpoints      WHS(ns)      THS(ns)  THS Failing Endpoints  THS Total Endpoints  
----------    --------          -------      -------  ---------------------  -------------------      -------      -------  ---------------------  -------------------  


------------------------------------------------------------------------------------------------
| Other Path Groups Table
| -----------------------
------------------------------------------------------------------------------------------------

Path Group    From Clock    To Clock          WNS(ns)      TNS(ns)  TNS Failing Endpoints  TNS Total Endpoints      WHS(ns)      THS(ns)  THS Failing Endpoints  THS Total Endpoints  
----------    ----------    --------          -------      -------  ---------------------  -------------------      -------      -------  ---------------------  -------------------  


------------------------------------------------------------------------------------------------
| User Ignored Path Table
| -----------------------
------------------------------------------------------------------------------------------------

Path Group    From Clock    To Clock    
----------    ----------    --------    


------------------------------------------------------------------------------------------------
| Unconstrained Path Table
| ------------------------
------------------------------------------------------------------------------------------------

Path Group    From Clock    To Clock    
----------    ----------    --------    
(none)        sys_clk_pin                 
(none)                      sys_clk_pin   


------------------------------------------------------------------------------------------------
| Timing Details
| --------------
------------------------------------------------------------------------------------------------


---------------------------------------------------------------------------------------------------
From Clock:  sys_clk_pin
  To Clock:  sys_clk_pin

Setup :            0  Failing Endpoints,  Worst Slack        4.980ns,  Total Violation        0.000ns
Hold  :            0  Failing Endpoints,  Worst Slack        0.316ns,  Total Violation        0.000ns
PW    :            0  Failing Endpoints,  Worst Slack        4.500ns,  Total Violation        0.000ns
---------------------------------------------------------------------------------------------------


Max Delay Paths
--------------------------------------------------------------------------------------
Slack (MET) :             4.980ns  (required time - arrival time)
  Source:                 design_1_i/div_50_50_0/U0/cont_reg[10]/C
                            (rising edge-triggered cell FDCE clocked by sys_clk_pin  {rise@0.000ns fall@5.000ns period=10.000ns})
  Destination:            design_1_i/div_50_50_0/U0/cont_reg[25]/D
                            (rising edge-triggered cell FDCE clocked by sys_clk_pin  {rise@0.000ns fall@5.000ns period=10.000ns})
  Path Group:             sys_clk_pin
  Path Type:              Setup (Max at Slow Process Corner)
  Requirement:            10.000ns  (sys_clk_pin rise@10.000ns - sys_clk_pin rise@0.000ns)
  Data Path Delay:        4.763ns  (logic 2.150ns (45.144%)  route 2.613ns (54.856%))
  Logic Levels:           9  (CARRY4=6 LUT2=1 LUT6=2)
  Clock Path Skew:        -0.284ns (DCD - SCD + CPR)
    Destination Clock Delay (DCD):    3.523ns = ( 13.523 - 10.000 ) 
    Source Clock Delay      (SCD):    4.127ns
    Clock Pessimism Removal (CPR):    0.319ns
  Clock Uncertainty:      0.035ns  ((TSJ^2 + TIJ^2)^1/2 + DJ) / 2 + PE
    Total System Jitter     (TSJ):    0.071ns
    Total Input Jitter      (TIJ):    0.000ns
    Discrete Jitter          (DJ):    0.000ns
    Phase Error              (PE):    0.000ns

    Location             Delay type                Incr(ns)  Path(ns)    Netlist Resource(s)
  -------------------------------------------------------------------    -------------------
                         (clock sys_clk_pin rise edge)
                                                      0.000     0.000 r  <hidden>
    W5                                                0.000     0.000 r  clk
                         net (fo=0)                   0.000     0.000    clk
    W5                   IBUF (Prop_ibuf_I_O)         1.458     1.458 r  clk_IBUF_inst/O
                         net (fo=28, routed)          2.668     4.127    design_1_i/div_50_50_0/U0/clk
    SLICE_X0Y4           FDCE                                         r  design_1_i/div_50_50_0/U0/cont_reg[10]/C
  -------------------------------------------------------------------    -------------------
    SLICE_X0Y4           FDCE (Prop_fdce_C_Q)         0.456     4.583 r  design_1_i/div_50_50_0/U0/cont_reg[10]/Q
                         net (fo=2, routed)           0.978     5.561    design_1_i/div_50_50_0/U0/cont_reg[10]
    SLICE_X1Y5           LUT6 (Prop_lut6_I0_O)        0.124     5.685 f  design_1_i/div_50_50_0/U0/cambio_i_6/O
                         net (fo=1, routed)           0.774     6.459    design_1_i/div_50_50_0/U0/cambio_i_6_n_0
    SLICE_X1Y3           LUT6 (Prop_lut6_I3_O)        0.124     6.583 f  design_1_i/div_50_50_0/U0/cambio_i_2/O
                         net (fo=29, routed)          0.860     7.443    design_1_i/div_50_50_0/U0/load
    SLICE_X0Y3           LUT2 (Prop_lut2_I1_O)        0.124     7.567 r  design_1_i/div_50_50_0/U0/cont[4]_i_5/O
                         net (fo=1, routed)           0.000     7.567    design_1_i/div_50_50_0/U0/cont[4]_i_5_n_0
    SLICE_X0Y3           CARRY4 (Prop_carry4_S[0]_CO[3])
                                                      0.532     8.099 r  design_1_i/div_50_50_0/U0/cont_reg[4]_i_1/CO[3]
                         net (fo=1, routed)           0.000     8.099    design_1_i/div_50_50_0/U0/cont_reg[4]_i_1_n_0
    SLICE_X0Y4           CARRY4 (Prop_carry4_CI_CO[3])
                                                      0.114     8.213 r  design_1_i/div_50_50_0/U0/cont_reg[8]_i_1/CO[3]
                         net (fo=1, routed)           0.000     8.213    design_1_i/div_50_50_0/U0/cont_reg[8]_i_1_n_0
    SLICE_X0Y5           CARRY4 (Prop_carry4_CI_CO[3])
                                                      0.114     8.327 r  design_1_i/div_50_50_0/U0/cont_reg[12]_i_1/CO[3]
                         net (fo=1, routed)           0.000     8.327    design_1_i/div_50_50_0/U0/cont_reg[12]_i_1_n_0
    SLICE_X0Y6           CARRY4 (Prop_carry4_CI_CO[3])
                                                      0.114     8.441 r  design_1_i/div_50_50_0/U0/cont_reg[16]_i_1/CO[3]
                         net (fo=1, routed)           0.000     8.441    design_1_i/div_50_50_0/U0/cont_reg[16]_i_1_n_0
    SLICE_X0Y7           CARRY4 (Prop_carry4_CI_CO[3])
                                                      0.114     8.555 r  design_1_i/div_50_50_0/U0/cont_reg[20]_i_1/CO[3]
                         net (fo=1, routed)           0.000     8.555    design_1_i/div_50_50_0/U0/cont_reg[20]_i_1_n_0
    SLICE_X0Y8           CARRY4 (Prop_carry4_CI_O[1])
                                                      0.334     8.889 r  design_1_i/div_50_50_0/U0/cont_reg[24]_i_1/O[1]
                         net (fo=1, routed)           0.000     8.889    design_1_i/div_50_50_0/U0/cont_reg[24]_i_1_n_6
    SLICE_X0Y8           FDCE                                         r  design_1_i/div_50_50_0/U0/cont_reg[25]/D
  -------------------------------------------------------------------    -------------------

                         (clock sys_clk_pin rise edge)
                                                     10.000    10.000 r  <hidden>
    W5                                                0.000    10.000 r  clk
                         net (fo=0)                   0.000    10.000    clk
    W5                   IBUF (Prop_ibuf_I_O)         1.388    11.388 r  clk_IBUF_inst/O
                         net (fo=28, routed)          2.135    13.523    design_1_i/div_50_50_0/U0/clk
    SLICE_X0Y8           FDCE                                         r  design_1_i/div_50_50_0/U0/cont_reg[25]/C
                         clock pessimism              0.319    13.842    <hidden>
                         clock uncertainty           -0.035    13.807    <hidden>
    SLICE_X0Y8           FDCE (Setup_fdce_C_D)        0.062    13.869    design_1_i/div_50_50_0/U0/cont_reg[25]
  -------------------------------------------------------------------
                         required time                         13.869    <hidden>
                         arrival time                          -8.889    <hidden>
  -------------------------------------------------------------------
                         slack                                  4.980    <hidden>

Slack (MET) :             5.075ns  (required time - arrival time)
  Source:                 design_1_i/div_50_50_0/U0/cont_reg[10]/C
                            (rising edge-triggered cell FDCE clocked by sys_clk_pin  {rise@0.000ns fall@5.000ns period=10.000ns})
  Destination:            design_1_i/div_50_50_0/U0/cont_reg[26]/D
                            (rising edge-triggered cell FDCE clocked by sys_clk_pin  {rise@0.000ns fall@5.000ns period=10.000ns})
  Path Group:             sys_clk_pin
  Path Type:              Setup (Max at Slow Process Corner)
  Requirement:            10.000ns  (sys_clk_pin rise@10.000ns - sys_clk_pin rise@0.000ns)
  Data Path Delay:        4.668ns  (logic 2.055ns (44.027%)  route 2.613ns (55.973%))
  Logic Levels:           9  (CARRY4=6 LUT2=1 LUT6=2)
  Clock Path Skew:        -0.284ns (DCD - SCD + CPR)
    Destination Clock Delay (DCD):    3.523ns = ( 13.523 - 10.000 ) 
    Source Clock Delay      (SCD):    4.127ns
    Clock Pessimism Removal (CPR):    0.319ns
  Clock Uncertainty:      0.035ns  ((TSJ^2 + TIJ^2)^1/2 + DJ) / 2 + PE
    Total System Jitter     (TSJ):    0.071ns
    Total Input Jitter      (TIJ):    0.000ns
    Discrete Jitter          (DJ):    0.000ns
    Phase Error              (PE):    0.000ns

    Location             Delay type                Incr(ns)  Path(ns)    Netlist Resource(s)
  -------------------------------------------------------------------    -------------------
                         (clock sys_clk_pin rise edge)
                                                      0.000     0.000 r  <hidden>
    W5                                                0.000     0.000 r  clk
                         net (fo=0)                   0.000     0.000    clk
    W5                   IBUF (Prop_ibuf_I_O)         1.458     1.458 r  clk_IBUF_inst/O
                         net (fo=28, routed)          2.668     4.127    design_1_i/div_50_50_0/U0/clk
    SLICE_X0Y4           FDCE                                         r  design_1_i/div_50_50_0/U0/cont_reg[10]/C
  -------------------------------------------------------------------    -------------------
    SLICE_X0Y4           FDCE (Prop_fdce_C_Q)         0.456     4.583 r  design_1_i/div_50_50_0/U0/cont_reg[10]/Q
                         net (fo=2, routed)           0.978     5.561    design_1_i/div_50_50_0/U0/cont_reg[10]
    SLICE_X1Y5           LUT6 (Prop_lut6_I0_O)        0.124     5.685 f  design_1_i/div_50_50_0/U0/cambio_i_6/O
                         net (fo=1, routed)           0.774     6.459    design_1_i/div_50_50_0/U0/cambio_i_6_n_0
    SLICE_X1Y3           LUT6 (Prop_lut6_I3_O)        0.124     6.583 f  design_1_i/div_50_50_0/U0/cambio_i_2/O
                         net (fo=29, routed)          0.860     7.443    design_1_i/div_50_50_0/U0/load
    SLICE_X0Y3           LUT2 (Prop_lut2_I1_O)        0.124     7.567 r  design_1_i/div_50_50_0/U0/cont[4]_i_5/O
                         net (fo=1, routed)           0.000     7.567    design_1_i/div_50_50_0/U0/cont[4]_i_5_n_0
    SLICE_X0Y3           CARRY4 (Prop_carry4_S[0]_CO[3])
                                                      0.532     8.099 r  design_1_i/div_50_50_0/U0/cont_reg[4]_i_1/CO[3]
                         net (fo=1, routed)           0.000     8.099    design_1_i/div_50_50_0/U0/cont_reg[4]_i_1_n_0
    SLICE_X0Y4           CARRY4 (Prop_carry4_CI_CO[3])
                                                      0.114     8.213 r  design_1_i/div_50_50_0/U0/cont_reg[8]_i_1/CO[3]
                         net (fo=1, routed)           0.000     8.213    design_1_i/div_50_50_0/U0/cont_reg[8]_i_1_n_0
    SLICE_X0Y5           CARRY4 (Prop_carry4_CI_CO[3])
                                                      0.114     8.327 r  design_1_i/div_50_50_0/U0/cont_reg[12]_i_1/CO[3]
                         net (fo=1, routed)           0.000     8.327    design_1_i/div_50_50_0/U0/cont_reg[12]_i_1_n_0
    SLICE_X0Y6           CARRY4 (Prop_carry4_CI_CO[3])
                                                      0.114     8.441 r  design_1_i/div_50_50_0/U0/cont_reg[16]_i_1/CO[3]
                         net (fo=1, routed)           0.000     8.441    design_1_i/div_50_50_0/U0/cont_reg[16]_i_1_n_0
    SLICE_X0Y7           CARRY4 (Prop_carry4_CI_CO[3])
                                                      0.114     8.555 r  design_1_i/div_50_50_0/U0/cont_reg[20]_i_1/CO[3]
                         net (fo=1, routed)           0.000     8.555    design_1_i/div_50_50_0/U0/cont_reg[20]_i_1_n_0
    SLICE_X0Y8           CARRY4 (Prop_carry4_CI_O[2])
                                                      0.239     8.794 r  design_1_i/div_50_50_0/U0/cont_reg[24]_i_1/O[2]
                         net (fo=1, routed)           0.000     8.794    design_1_i/div_50_50_0/U0/cont_reg[24]_i_1_n_5
    SLICE_X0Y8           FDCE                                         r  design_1_i/div_50_50_0/U0/cont_reg[26]/D
  -------------------------------------------------------------------    -------------------

                         (clock sys_clk_pin rise edge)
                                                     10.000    10.000 r  <hidden>
    W5                                                0.000    10.000 r  clk
                         net (fo=0)                   0.000    10.000    clk
    W5                   IBUF (Prop_ibuf_I_O)         1.388    11.388 r  clk_IBUF_inst/O
                         net (fo=28, routed)          2.135    13.523    design_1_i/div_50_50_0/U0/clk
    SLICE_X0Y8           FDCE                                         r  design_1_i/div_50_50_0/U0/cont_reg[26]/C
                         clock pessimism              0.319    13.842    <hidden>
                         clock uncertainty           -0.035    13.807    <hidden>
    SLICE_X0Y8           FDCE (Setup_fdce_C_D)        0.062    13.869    design_1_i/div_50_50_0/U0/cont_reg[26]
  -------------------------------------------------------------------
                         required time                         13.869    <hidden>
                         arrival time                          -8.794    <hidden>
  -------------------------------------------------------------------
                         slack                                  5.075    <hidden>

Slack (MET) :             5.091ns  (required time - arrival time)
  Source:                 design_1_i/div_50_50_0/U0/cont_reg[10]/C
                            (rising edge-triggered cell FDCE clocked by sys_clk_pin  {rise@0.000ns fall@5.000ns period=10.000ns})
  Destination:            design_1_i/div_50_50_0/U0/cont_reg[24]/D
                            (rising edge-triggered cell FDCE clocked by sys_clk_pin  {rise@0.000ns fall@5.000ns period=10.000ns})
  Path Group:             sys_clk_pin
  Path Type:              Setup (Max at Slow Process Corner)
  Requirement:            10.000ns  (sys_clk_pin rise@10.000ns - sys_clk_pin rise@0.000ns)
  Data Path Delay:        4.652ns  (logic 2.039ns (43.835%)  route 2.613ns (56.165%))
  Logic Levels:           9  (CARRY4=6 LUT2=1 LUT6=2)
  Clock Path Skew:        -0.284ns (DCD - SCD + CPR)
    Destination Clock Delay (DCD):    3.523ns = ( 13.523 - 10.000 ) 
    Source Clock Delay      (SCD):    4.127ns
    Clock Pessimism Removal (CPR):    0.319ns
  Clock Uncertainty:      0.035ns  ((TSJ^2 + TIJ^2)^1/2 + DJ) / 2 + PE
    Total System Jitter     (TSJ):    0.071ns
    Total Input Jitter      (TIJ):    0.000ns
    Discrete Jitter          (DJ):    0.000ns
    Phase Error              (PE):    0.000ns

    Location             Delay type                Incr(ns)  Path(ns)    Netlist Resource(s)
  -------------------------------------------------------------------    -------------------
                         (clock sys_clk_pin rise edge)
                                                      0.000     0.000 r  <hidden>
    W5                                                0.000     0.000 r  clk
                         net (fo=0)                   0.000     0.000    clk
    W5                   IBUF (Prop_ibuf_I_O)         1.458     1.458 r  clk_IBUF_inst/O
                         net (fo=28, routed)          2.668     4.127    design_1_i/div_50_50_0/U0/clk
    SLICE_X0Y4           FDCE                                         r  design_1_i/div_50_50_0/U0/cont_reg[10]/C
  -------------------------------------------------------------------    -------------------
    SLICE_X0Y4           FDCE (Prop_fdce_C_Q)         0.456     4.583 r  design_1_i/div_50_50_0/U0/cont_reg[10]/Q
                         net (fo=2, routed)           0.978     5.561    design_1_i/div_50_50_0/U0/cont_reg[10]
    SLICE_X1Y5           LUT6 (Prop_lut6_I0_O)        0.124     5.685 f  design_1_i/div_50_50_0/U0/cambio_i_6/O
                         net (fo=1, routed)           0.774     6.459    design_1_i/div_50_50_0/U0/cambio_i_6_n_0
    SLICE_X1Y3           LUT6 (Prop_lut6_I3_O)        0.124     6.583 f  design_1_i/div_50_50_0/U0/cambio_i_2/O
                         net (fo=29, routed)          0.860     7.443    design_1_i/div_50_50_0/U0/load
    SLICE_X0Y3           LUT2 (Prop_lut2_I1_O)        0.124     7.567 r  design_1_i/div_50_50_0/U0/cont[4]_i_5/O
                         net (fo=1, routed)           0.000     7.567    design_1_i/div_50_50_0/U0/cont[4]_i_5_n_0
    SLICE_X0Y3           CARRY4 (Prop_carry4_S[0]_CO[3])
                                                      0.532     8.099 r  design_1_i/div_50_50_0/U0/cont_reg[4]_i_1/CO[3]
                         net (fo=1, routed)           0.000     8.099    design_1_i/div_50_50_0/U0/cont_reg[4]_i_1_n_0
    SLICE_X0Y4           CARRY4 (Prop_carry4_CI_CO[3])
                                                      0.114     8.213 r  design_1_i/div_50_50_0/U0/cont_reg[8]_i_1/CO[3]
                         net (fo=1, routed)           0.000     8.213    design_1_i/div_50_50_0/U0/cont_reg[8]_i_1_n_0
    SLICE_X0Y5           CARRY4 (Prop_carry4_CI_CO[3])
                                                      0.114     8.327 r  design_1_i/div_50_50_0/U0/cont_reg[12]_i_1/CO[3]
                         net (fo=1, routed)           0.000     8.327    design_1_i/div_50_50_0/U0/cont_reg[12]_i_1_n_0
    SLICE_X0Y6           CARRY4 (Prop_carry4_CI_CO[3])
                                                      0.114     8.441 r  design_1_i/div_50_50_0/U0/cont_reg[16]_i_1/CO[3]
                         net (fo=1, routed)           0.000     8.441    design_1_i/div_50_50_0/U0/cont_reg[16]_i_1_n_0
    SLICE_X0Y7           CARRY4 (Prop_carry4_CI_CO[3])
                                                      0.114     8.555 r  design_1_i/div_50_50_0/U0/cont_reg[20]_i_1/CO[3]
                         net (fo=1, routed)           0.000     8.555    design_1_i/div_50_50_0/U0/cont_reg[20]_i_1_n_0
    SLICE_X0Y8           CARRY4 (Prop_carry4_CI_O[0])
                                                      0.223     8.778 r  design_1_i/div_50_50_0/U0/cont_reg[24]_i_1/O[0]
                         net (fo=1, routed)           0.000     8.778    design_1_i/div_50_50_0/U0/cont_reg[24]_i_1_n_7
    SLICE_X0Y8           FDCE                                         r  design_1_i/div_50_50_0/U0/cont_reg[24]/D
  -------------------------------------------------------------------    -------------------

                         (clock sys_clk_pin rise edge)
                                                     10.000    10.000 r  <hidden>
    W5                                                0.000    10.000 r  clk
                         net (fo=0)                   0.000    10.000    clk
    W5                   IBUF (Prop_ibuf_I_O)         1.388    11.388 r  clk_IBUF_inst/O
                         net (fo=28, routed)          2.135    13.523    design_1_i/div_50_50_0/U0/clk
    SLICE_X0Y8           FDCE                                         r  design_1_i/div_50_50_0/U0/cont_reg[24]/C
                         clock pessimism              0.319    13.842    <hidden>
                         clock uncertainty           -0.035    13.807    <hidden>
    SLICE_X0Y8           FDCE (Setup_fdce_C_D)        0.062    13.869    design_1_i/div_50_50_0/U0/cont_reg[24]
  -------------------------------------------------------------------
                         required time                         13.869    <hidden>
                         arrival time                          -8.778    <hidden>
  -------------------------------------------------------------------
                         slack                                  5.091    <hidden>

Slack (MET) :             5.220ns  (required time - arrival time)
  Source:                 design_1_i/div_50_50_0/U0/cont_reg[10]/C
                            (rising edge-triggered cell FDCE clocked by sys_clk_pin  {rise@0.000ns fall@5.000ns period=10.000ns})
  Destination:            design_1_i/div_50_50_0/U0/cont_reg[21]/D
                            (rising edge-triggered cell FDCE clocked by sys_clk_pin  {rise@0.000ns fall@5.000ns period=10.000ns})
  Path Group:             sys_clk_pin
  Path Type:              Setup (Max at Slow Process Corner)
  Requirement:            10.000ns  (sys_clk_pin rise@10.000ns - sys_clk_pin rise@0.000ns)
  Data Path Delay:        4.649ns  (logic 2.036ns (43.798%)  route 2.613ns (56.201%))
  Logic Levels:           8  (CARRY4=5 LUT2=1 LUT6=2)
  Clock Path Skew:        -0.158ns (DCD - SCD + CPR)
    Destination Clock Delay (DCD):    3.650ns = ( 13.650 - 10.000 ) 
    Source Clock Delay      (SCD):    4.127ns
    Clock Pessimism Removal (CPR):    0.319ns
  Clock Uncertainty:      0.035ns  ((TSJ^2 + TIJ^2)^1/2 + DJ) / 2 + PE
    Total System Jitter     (TSJ):    0.071ns
    Total Input Jitter      (TIJ):    0.000ns
    Discrete Jitter          (DJ):    0.000ns
    Phase Error              (PE):    0.000ns

    Location             Delay type                Incr(ns)  Path(ns)    Netlist Resource(s)
  -------------------------------------------------------------------    -------------------
                         (clock sys_clk_pin rise edge)
                                                      0.000     0.000 r  <hidden>
    W5                                                0.000     0.000 r  clk
                         net (fo=0)                   0.000     0.000    clk
    W5                   IBUF (Prop_ibuf_I_O)         1.458     1.458 r  clk_IBUF_inst/O
                         net (fo=28, routed)          2.668     4.127    design_1_i/div_50_50_0/U0/clk
    SLICE_X0Y4           FDCE                                         r  design_1_i/div_50_50_0/U0/cont_reg[10]/C
  -------------------------------------------------------------------    -------------------
    SLICE_X0Y4           FDCE (Prop_fdce_C_Q)         0.456     4.583 r  design_1_i/div_50_50_0/U0/cont_reg[10]/Q
                         net (fo=2, routed)           0.978     5.561    design_1_i/div_50_50_0/U0/cont_reg[10]
    SLICE_X1Y5           LUT6 (Prop_lut6_I0_O)        0.124     5.685 f  design_1_i/div_50_50_0/U0/cambio_i_6/O
                         net (fo=1, routed)           0.774     6.459    design_1_i/div_50_50_0/U0/cambio_i_6_n_0
    SLICE_X1Y3           LUT6 (Prop_lut6_I3_O)        0.124     6.583 f  design_1_i/div_50_50_0/U0/cambio_i_2/O
                         net (fo=29, routed)          0.860     7.443    design_1_i/div_50_50_0/U0/load
    SLICE_X0Y3           LUT2 (Prop_lut2_I1_O)        0.124     7.567 r  design_1_i/div_50_50_0/U0/cont[4]_i_5/O
                         net (fo=1, routed)           0.000     7.567    design_1_i/div_50_50_0/U0/cont[4]_i_5_n_0
    SLICE_X0Y3           CARRY4 (Prop_carry4_S[0]_CO[3])
                                                      0.532     8.099 r  design_1_i/div_50_50_0/U0/cont_reg[4]_i_1/CO[3]
                         net (fo=1, routed)           0.000     8.099    design_1_i/div_50_50_0/U0/cont_reg[4]_i_1_n_0
    SLICE_X0Y4           CARRY4 (Prop_carry4_CI_CO[3])
                                                      0.114     8.213 r  design_1_i/div_50_50_0/U0/cont_reg[8]_i_1/CO[3]
                         net (fo=1, routed)           0.000     8.213    design_1_i/div_50_50_0/U0/cont_reg[8]_i_1_n_0
    SLICE_X0Y5           CARRY4 (Prop_carry4_CI_CO[3])
                                                      0.114     8.327 r  design_1_i/div_50_50_0/U0/cont_reg[12]_i_1/CO[3]
                         net (fo=1, routed)           0.000     8.327    design_1_i/div_50_50_0/U0/cont_reg[12]_i_1_n_0
    SLICE_X0Y6           CARRY4 (Prop_carry4_CI_CO[3])
                                                      0.114     8.441 r  design_1_i/div_50_50_0/U0/cont_reg[16]_i_1/CO[3]
                         net (fo=1, routed)           0.000     8.441    design_1_i/div_50_50_0/U0/cont_reg[16]_i_1_n_0
    SLICE_X0Y7           CARRY4 (Prop_carry4_CI_O[1])
                                                      0.334     8.775 r  design_1_i/div_50_50_0/U0/cont_reg[20]_i_1/O[1]
                         net (fo=1, routed)           0.000     8.775    design_1_i/div_50_50_0/U0/cont_reg[20]_i_1_n_6
    SLICE_X0Y7           FDCE                                         r  design_1_i/div_50_50_0/U0/cont_reg[21]/D
  -------------------------------------------------------------------    -------------------

                         (clock sys_clk_pin rise edge)
                                                     10.000    10.000 r  <hidden>
    W5                                                0.000    10.000 r  clk
                         net (fo=0)                   0.000    10.000    clk
    W5                   IBUF (Prop_ibuf_I_O)         1.388    11.388 r  clk_IBUF_inst/O
                         net (fo=28, routed)          2.261    13.650    design_1_i/div_50_50_0/U0/clk
    SLICE_X0Y7           FDCE                                         r  design_1_i/div_50_50_0/U0/cont_reg[21]/C
                         clock pessimism              0.319    13.969    <hidden>
                         clock uncertainty           -0.035    13.933    <hidden>
    SLICE_X0Y7           FDCE (Setup_fdce_C_D)        0.062    13.995    design_1_i/div_50_50_0/U0/cont_reg[21]
  -------------------------------------------------------------------
                         required time                         13.995    <hidden>
                         arrival time                          -8.775    <hidden>
  -------------------------------------------------------------------
                         slack                                  5.220    <hidden>

Slack (MET) :             5.241ns  (required time - arrival time)
  Source:                 design_1_i/div_50_50_0/U0/cont_reg[10]/C
                            (rising edge-triggered cell FDCE clocked by sys_clk_pin  {rise@0.000ns fall@5.000ns period=10.000ns})
  Destination:            design_1_i/div_50_50_0/U0/cont_reg[23]/D
                            (rising edge-triggered cell FDCE clocked by sys_clk_pin  {rise@0.000ns fall@5.000ns period=10.000ns})
  Path Group:             sys_clk_pin
  Path Type:              Setup (Max at Slow Process Corner)
  Requirement:            10.000ns  (sys_clk_pin rise@10.000ns - sys_clk_pin rise@0.000ns)
  Data Path Delay:        4.628ns  (logic 2.015ns (43.543%)  route 2.613ns (56.457%))
  Logic Levels:           8  (CARRY4=5 LUT2=1 LUT6=2)
  Clock Path Skew:        -0.158ns (DCD - SCD + CPR)
    Destination Clock Delay (DCD):    3.650ns = ( 13.650 - 10.000 ) 
    Source Clock Delay      (SCD):    4.127ns
    Clock Pessimism Removal (CPR):    0.319ns
  Clock Uncertainty:      0.035ns  ((TSJ^2 + TIJ^2)^1/2 + DJ) / 2 + PE
    Total System Jitter     (TSJ):    0.071ns
    Total Input Jitter      (TIJ):    0.000ns
    Discrete Jitter          (DJ):    0.000ns
    Phase Error              (PE):    0.000ns

    Location             Delay type                Incr(ns)  Path(ns)    Netlist Resource(s)
  -------------------------------------------------------------------    -------------------
                         (clock sys_clk_pin rise edge)
                                                      0.000     0.000 r  <hidden>
    W5                                                0.000     0.000 r  clk
                         net (fo=0)                   0.000     0.000    clk
    W5                   IBUF (Prop_ibuf_I_O)         1.458     1.458 r  clk_IBUF_inst/O
                         net (fo=28, routed)          2.668     4.127    design_1_i/div_50_50_0/U0/clk
    SLICE_X0Y4           FDCE                                         r  design_1_i/div_50_50_0/U0/cont_reg[10]/C
  -------------------------------------------------------------------    -------------------
    SLICE_X0Y4           FDCE (Prop_fdce_C_Q)         0.456     4.583 r  design_1_i/div_50_50_0/U0/cont_reg[10]/Q
                         net (fo=2, routed)           0.978     5.561    design_1_i/div_50_50_0/U0/cont_reg[10]
    SLICE_X1Y5           LUT6 (Prop_lut6_I0_O)        0.124     5.685 f  design_1_i/div_50_50_0/U0/cambio_i_6/O
                         net (fo=1, routed)           0.774     6.459    design_1_i/div_50_50_0/U0/cambio_i_6_n_0
    SLICE_X1Y3           LUT6 (Prop_lut6_I3_O)        0.124     6.583 f  design_1_i/div_50_50_0/U0/cambio_i_2/O
                         net (fo=29, routed)          0.860     7.443    design_1_i/div_50_50_0/U0/load
    SLICE_X0Y3           LUT2 (Prop_lut2_I1_O)        0.124     7.567 r  design_1_i/div_50_50_0/U0/cont[4]_i_5/O
                         net (fo=1, routed)           0.000     7.567    design_1_i/div_50_50_0/U0/cont[4]_i_5_n_0
    SLICE_X0Y3           CARRY4 (Prop_carry4_S[0]_CO[3])
                                                      0.532     8.099 r  design_1_i/div_50_50_0/U0/cont_reg[4]_i_1/CO[3]
                         net (fo=1, routed)           0.000     8.099    design_1_i/div_50_50_0/U0/cont_reg[4]_i_1_n_0
    SLICE_X0Y4           CARRY4 (Prop_carry4_CI_CO[3])
                                                      0.114     8.213 r  design_1_i/div_50_50_0/U0/cont_reg[8]_i_1/CO[3]
                         net (fo=1, routed)           0.000     8.213    design_1_i/div_50_50_0/U0/cont_reg[8]_i_1_n_0
    SLICE_X0Y5           CARRY4 (Prop_carry4_CI_CO[3])
                                                      0.114     8.327 r  design_1_i/div_50_50_0/U0/cont_reg[12]_i_1/CO[3]
                         net (fo=1, routed)           0.000     8.327    design_1_i/div_50_50_0/U0/cont_reg[12]_i_1_n_0
    SLICE_X0Y6           CARRY4 (Prop_carry4_CI_CO[3])
                                                      0.114     8.441 r  design_1_i/div_50_50_0/U0/cont_reg[16]_i_1/CO[3]
                         net (fo=1, routed)           0.000     8.441    design_1_i/div_50_50_0/U0/cont_reg[16]_i_1_n_0
    SLICE_X0Y7           CARRY4 (Prop_carry4_CI_O[3])
                                                      0.313     8.754 r  design_1_i/div_50_50_0/U0/cont_reg[20]_i_1/O[3]
                         net (fo=1, routed)           0.000     8.754    design_1_i/div_50_50_0/U0/cont_reg[20]_i_1_n_4
    SLICE_X0Y7           FDCE                                         r  design_1_i/div_50_50_0/U0/cont_reg[23]/D
  -------------------------------------------------------------------    -------------------

                         (clock sys_clk_pin rise edge)
                                                     10.000    10.000 r  <hidden>
    W5                                                0.000    10.000 r  clk
                         net (fo=0)                   0.000    10.000    clk
    W5                   IBUF (Prop_ibuf_I_O)         1.388    11.388 r  clk_IBUF_inst/O
                         net (fo=28, routed)          2.261    13.650    design_1_i/div_50_50_0/U0/clk
    SLICE_X0Y7           FDCE                                         r  design_1_i/div_50_50_0/U0/cont_reg[23]/C
                         clock pessimism              0.319    13.969    <hidden>
                         clock uncertainty           -0.035    13.933    <hidden>
    SLICE_X0Y7           FDCE (Setup_fdce_C_D)        0.062    13.995    design_1_i/div_50_50_0/U0/cont_reg[23]
  -------------------------------------------------------------------
                         required time                         13.995    <hidden>
                         arrival time                          -8.754    <hidden>
  -------------------------------------------------------------------
                         slack                                  5.241    <hidden>

Slack (MET) :             5.315ns  (required time - arrival time)
  Source:                 design_1_i/div_50_50_0/U0/cont_reg[10]/C
                            (rising edge-triggered cell FDCE clocked by sys_clk_pin  {rise@0.000ns fall@5.000ns period=10.000ns})
  Destination:            design_1_i/div_50_50_0/U0/cont_reg[22]/D
                            (rising edge-triggered cell FDCE clocked by sys_clk_pin  {rise@0.000ns fall@5.000ns period=10.000ns})
  Path Group:             sys_clk_pin
  Path Type:              Setup (Max at Slow Process Corner)
  Requirement:            10.000ns  (sys_clk_pin rise@10.000ns - sys_clk_pin rise@0.000ns)
  Data Path Delay:        4.554ns  (logic 1.941ns (42.626%)  route 2.613ns (57.374%))
  Logic Levels:           8  (CARRY4=5 LUT2=1 LUT6=2)
  Clock Path Skew:        -0.158ns (DCD - SCD + CPR)
    Destination Clock Delay (DCD):    3.650ns = ( 13.650 - 10.000 ) 
    Source Clock Delay      (SCD):    4.127ns
    Clock Pessimism Removal (CPR):    0.319ns
  Clock Uncertainty:      0.035ns  ((TSJ^2 + TIJ^2)^1/2 + DJ) / 2 + PE
    Total System Jitter     (TSJ):    0.071ns
    Total Input Jitter      (TIJ):    0.000ns
    Discrete Jitter          (DJ):    0.000ns
    Phase Error              (PE):    0.000ns

    Location             Delay type                Incr(ns)  Path(ns)    Netlist Resource(s)
  -------------------------------------------------------------------    -------------------
                         (clock sys_clk_pin rise edge)
                                                      0.000     0.000 r  <hidden>
    W5                                                0.000     0.000 r  clk
                         net (fo=0)                   0.000     0.000    clk
    W5                   IBUF (Prop_ibuf_I_O)         1.458     1.458 r  clk_IBUF_inst/O
                         net (fo=28, routed)          2.668     4.127    design_1_i/div_50_50_0/U0/clk
    SLICE_X0Y4           FDCE                                         r  design_1_i/div_50_50_0/U0/cont_reg[10]/C
  -------------------------------------------------------------------    -------------------
    SLICE_X0Y4           FDCE (Prop_fdce_C_Q)         0.456     4.583 r  design_1_i/div_50_50_0/U0/cont_reg[10]/Q
                         net (fo=2, routed)           0.978     5.561    design_1_i/div_50_50_0/U0/cont_reg[10]
    SLICE_X1Y5           LUT6 (Prop_lut6_I0_O)        0.124     5.685 f  design_1_i/div_50_50_0/U0/cambio_i_6/O
                         net (fo=1, routed)           0.774     6.459    design_1_i/div_50_50_0/U0/cambio_i_6_n_0
    SLICE_X1Y3           LUT6 (Prop_lut6_I3_O)        0.124     6.583 f  design_1_i/div_50_50_0/U0/cambio_i_2/O
                         net (fo=29, routed)          0.860     7.443    design_1_i/div_50_50_0/U0/load
    SLICE_X0Y3           LUT2 (Prop_lut2_I1_O)        0.124     7.567 r  design_1_i/div_50_50_0/U0/cont[4]_i_5/O
                         net (fo=1, routed)           0.000     7.567    design_1_i/div_50_50_0/U0/cont[4]_i_5_n_0
    SLICE_X0Y3           CARRY4 (Prop_carry4_S[0]_CO[3])
                                                      0.532     8.099 r  design_1_i/div_50_50_0/U0/cont_reg[4]_i_1/CO[3]
                         net (fo=1, routed)           0.000     8.099    design_1_i/div_50_50_0/U0/cont_reg[4]_i_1_n_0
    SLICE_X0Y4           CARRY4 (Prop_carry4_CI_CO[3])
                                                      0.114     8.213 r  design_1_i/div_50_50_0/U0/cont_reg[8]_i_1/CO[3]
                         net (fo=1, routed)           0.000     8.213    design_1_i/div_50_50_0/U0/cont_reg[8]_i_1_n_0
    SLICE_X0Y5           CARRY4 (Prop_carry4_CI_CO[3])
                                                      0.114     8.327 r  design_1_i/div_50_50_0/U0/cont_reg[12]_i_1/CO[3]
                         net (fo=1, routed)           0.000     8.327    design_1_i/div_50_50_0/U0/cont_reg[12]_i_1_n_0
    SLICE_X0Y6           CARRY4 (Prop_carry4_CI_CO[3])
                                                      0.114     8.441 r  design_1_i/div_50_50_0/U0/cont_reg[16]_i_1/CO[3]
                         net (fo=1, routed)           0.000     8.441    design_1_i/div_50_50_0/U0/cont_reg[16]_i_1_n_0
    SLICE_X0Y7           CARRY4 (Prop_carry4_CI_O[2])
                                                      0.239     8.680 r  design_1_i/div_50_50_0/U0/cont_reg[20]_i_1/O[2]
                         net (fo=1, routed)           0.000     8.680    design_1_i/div_50_50_0/U0/cont_reg[20]_i_1_n_5
    SLICE_X0Y7           FDCE                                         r  design_1_i/div_50_50_0/U0/cont_reg[22]/D
  -------------------------------------------------------------------    -------------------

                         (clock sys_clk_pin rise edge)
                                                     10.000    10.000 r  <hidden>
    W5                                                0.000    10.000 r  clk
                         net (fo=0)                   0.000    10.000    clk
    W5                   IBUF (Prop_ibuf_I_O)         1.388    11.388 r  clk_IBUF_inst/O
                         net (fo=28, routed)          2.261    13.650    design_1_i/div_50_50_0/U0/clk
    SLICE_X0Y7           FDCE                                         r  design_1_i/div_50_50_0/U0/cont_reg[22]/C
                         clock pessimism              0.319    13.969    <hidden>
                         clock uncertainty           -0.035    13.933    <hidden>
    SLICE_X0Y7           FDCE (Setup_fdce_C_D)        0.062    13.995    design_1_i/div_50_50_0/U0/cont_reg[22]
  -------------------------------------------------------------------
                         required time                         13.995    <hidden>
                         arrival time                          -8.680    <hidden>
  -------------------------------------------------------------------
                         slack                                  5.315    <hidden>

Slack (MET) :             5.326ns  (required time - arrival time)
  Source:                 design_1_i/div_50_50_0/U0/cont_reg[10]/C
                            (rising edge-triggered cell FDCE clocked by sys_clk_pin  {rise@0.000ns fall@5.000ns period=10.000ns})
  Destination:            design_1_i/div_50_50_0/U0/cont_reg[17]/D
                            (rising edge-triggered cell FDCE clocked by sys_clk_pin  {rise@0.000ns fall@5.000ns period=10.000ns})
  Path Group:             sys_clk_pin
  Path Type:              Setup (Max at Slow Process Corner)
  Requirement:            10.000ns  (sys_clk_pin rise@10.000ns - sys_clk_pin rise@0.000ns)
  Data Path Delay:        4.535ns  (logic 1.922ns (42.386%)  route 2.613ns (57.614%))
  Logic Levels:           7  (CARRY4=4 LUT2=1 LUT6=2)
  Clock Path Skew:        -0.166ns (DCD - SCD + CPR)
    Destination Clock Delay (DCD):    3.641ns = ( 13.641 - 10.000 ) 
    Source Clock Delay      (SCD):    4.127ns
    Clock Pessimism Removal (CPR):    0.319ns
  Clock Uncertainty:      0.035ns  ((TSJ^2 + TIJ^2)^1/2 + DJ) / 2 + PE
    Total System Jitter     (TSJ):    0.071ns
    Total Input Jitter      (TIJ):    0.000ns
    Discrete Jitter          (DJ):    0.000ns
    Phase Error              (PE):    0.000ns

    Location             Delay type                Incr(ns)  Path(ns)    Netlist Resource(s)
  -------------------------------------------------------------------    -------------------
                         (clock sys_clk_pin rise edge)
                                                      0.000     0.000 r  <hidden>
    W5                                                0.000     0.000 r  clk
                         net (fo=0)                   0.000     0.000    clk
    W5                   IBUF (Prop_ibuf_I_O)         1.458     1.458 r  clk_IBUF_inst/O
                         net (fo=28, routed)          2.668     4.127    design_1_i/div_50_50_0/U0/clk
    SLICE_X0Y4           FDCE                                         r  design_1_i/div_50_50_0/U0/cont_reg[10]/C
  -------------------------------------------------------------------    -------------------
    SLICE_X0Y4           FDCE (Prop_fdce_C_Q)         0.456     4.583 r  design_1_i/div_50_50_0/U0/cont_reg[10]/Q
                         net (fo=2, routed)           0.978     5.561    design_1_i/div_50_50_0/U0/cont_reg[10]
    SLICE_X1Y5           LUT6 (Prop_lut6_I0_O)        0.124     5.685 f  design_1_i/div_50_50_0/U0/cambio_i_6/O
                         net (fo=1, routed)           0.774     6.459    design_1_i/div_50_50_0/U0/cambio_i_6_n_0
    SLICE_X1Y3           LUT6 (Prop_lut6_I3_O)        0.124     6.583 f  design_1_i/div_50_50_0/U0/cambio_i_2/O
                         net (fo=29, routed)          0.860     7.443    design_1_i/div_50_50_0/U0/load
    SLICE_X0Y3           LUT2 (Prop_lut2_I1_O)        0.124     7.567 r  design_1_i/div_50_50_0/U0/cont[4]_i_5/O
                         net (fo=1, routed)           0.000     7.567    design_1_i/div_50_50_0/U0/cont[4]_i_5_n_0
    SLICE_X0Y3           CARRY4 (Prop_carry4_S[0]_CO[3])
                                                      0.532     8.099 r  design_1_i/div_50_50_0/U0/cont_reg[4]_i_1/CO[3]
                         net (fo=1, routed)           0.000     8.099    design_1_i/div_50_50_0/U0/cont_reg[4]_i_1_n_0
    SLICE_X0Y4           CARRY4 (Prop_carry4_CI_CO[3])
                                                      0.114     8.213 r  design_1_i/div_50_50_0/U0/cont_reg[8]_i_1/CO[3]
                         net (fo=1, routed)           0.000     8.213    design_1_i/div_50_50_0/U0/cont_reg[8]_i_1_n_0
    SLICE_X0Y5           CARRY4 (Prop_carry4_CI_CO[3])
                                                      0.114     8.327 r  design_1_i/div_50_50_0/U0/cont_reg[12]_i_1/CO[3]
                         net (fo=1, routed)           0.000     8.327    design_1_i/div_50_50_0/U0/cont_reg[12]_i_1_n_0
    SLICE_X0Y6           CARRY4 (Prop_carry4_CI_O[1])
                                                      0.334     8.661 r  design_1_i/div_50_50_0/U0/cont_reg[16]_i_1/O[1]
                         net (fo=1, routed)           0.000     8.661    design_1_i/div_50_50_0/U0/cont_reg[16]_i_1_n_6
    SLICE_X0Y6           FDCE                                         r  design_1_i/div_50_50_0/U0/cont_reg[17]/D
  -------------------------------------------------------------------    -------------------

                         (clock sys_clk_pin rise edge)
                                                     10.000    10.000 r  <hidden>
    W5                                                0.000    10.000 r  clk
                         net (fo=0)                   0.000    10.000    clk
    W5                   IBUF (Prop_ibuf_I_O)         1.388    11.388 r  clk_IBUF_inst/O
                         net (fo=28, routed)          2.253    13.641    design_1_i/div_50_50_0/U0/clk
    SLICE_X0Y6           FDCE                                         r  design_1_i/div_50_50_0/U0/cont_reg[17]/C
                         clock pessimism              0.319    13.960    <hidden>
                         clock uncertainty           -0.035    13.925    <hidden>
    SLICE_X0Y6           FDCE (Setup_fdce_C_D)        0.062    13.987    design_1_i/div_50_50_0/U0/cont_reg[17]
  -------------------------------------------------------------------
                         required time                         13.987    <hidden>
                         arrival time                          -8.661    <hidden>
  -------------------------------------------------------------------
                         slack                                  5.326    <hidden>

Slack (MET) :             5.331ns  (required time - arrival time)
  Source:                 design_1_i/div_50_50_0/U0/cont_reg[10]/C
                            (rising edge-triggered cell FDCE clocked by sys_clk_pin  {rise@0.000ns fall@5.000ns period=10.000ns})
  Destination:            design_1_i/div_50_50_0/U0/cont_reg[20]/D
                            (rising edge-triggered cell FDCE clocked by sys_clk_pin  {rise@0.000ns fall@5.000ns period=10.000ns})
  Path Group:             sys_clk_pin
  Path Type:              Setup (Max at Slow Process Corner)
  Requirement:            10.000ns  (sys_clk_pin rise@10.000ns - sys_clk_pin rise@0.000ns)
  Data Path Delay:        4.538ns  (logic 1.925ns (42.424%)  route 2.613ns (57.576%))
  Logic Levels:           8  (CARRY4=5 LUT2=1 LUT6=2)
  Clock Path Skew:        -0.158ns (DCD - SCD + CPR)
    Destination Clock Delay (DCD):    3.650ns = ( 13.650 - 10.000 ) 
    Source Clock Delay      (SCD):    4.127ns
    Clock Pessimism Removal (CPR):    0.319ns
  Clock Uncertainty:      0.035ns  ((TSJ^2 + TIJ^2)^1/2 + DJ) / 2 + PE
    Total System Jitter     (TSJ):    0.071ns
    Total Input Jitter      (TIJ):    0.000ns
    Discrete Jitter          (DJ):    0.000ns
    Phase Error              (PE):    0.000ns

    Location             Delay type                Incr(ns)  Path(ns)    Netlist Resource(s)
  -------------------------------------------------------------------    -------------------
                         (clock sys_clk_pin rise edge)
                                                      0.000     0.000 r  <hidden>
    W5                                                0.000     0.000 r  clk
                         net (fo=0)                   0.000     0.000    clk
    W5                   IBUF (Prop_ibuf_I_O)         1.458     1.458 r  clk_IBUF_inst/O
                         net (fo=28, routed)          2.668     4.127    design_1_i/div_50_50_0/U0/clk
    SLICE_X0Y4           FDCE                                         r  design_1_i/div_50_50_0/U0/cont_reg[10]/C
  -------------------------------------------------------------------    -------------------
    SLICE_X0Y4           FDCE (Prop_fdce_C_Q)         0.456     4.583 r  design_1_i/div_50_50_0/U0/cont_reg[10]/Q
                         net (fo=2, routed)           0.978     5.561    design_1_i/div_50_50_0/U0/cont_reg[10]
    SLICE_X1Y5           LUT6 (Prop_lut6_I0_O)        0.124     5.685 f  design_1_i/div_50_50_0/U0/cambio_i_6/O
                         net (fo=1, routed)           0.774     6.459    design_1_i/div_50_50_0/U0/cambio_i_6_n_0
    SLICE_X1Y3           LUT6 (Prop_lut6_I3_O)        0.124     6.583 f  design_1_i/div_50_50_0/U0/cambio_i_2/O
                         net (fo=29, routed)          0.860     7.443    design_1_i/div_50_50_0/U0/load
    SLICE_X0Y3           LUT2 (Prop_lut2_I1_O)        0.124     7.567 r  design_1_i/div_50_50_0/U0/cont[4]_i_5/O
                         net (fo=1, routed)           0.000     7.567    design_1_i/div_50_50_0/U0/cont[4]_i_5_n_0
    SLICE_X0Y3           CARRY4 (Prop_carry4_S[0]_CO[3])
                                                      0.532     8.099 r  design_1_i/div_50_50_0/U0/cont_reg[4]_i_1/CO[3]
                         net (fo=1, routed)           0.000     8.099    design_1_i/div_50_50_0/U0/cont_reg[4]_i_1_n_0
    SLICE_X0Y4           CARRY4 (Prop_carry4_CI_CO[3])
                                                      0.114     8.213 r  design_1_i/div_50_50_0/U0/cont_reg[8]_i_1/CO[3]
                         net (fo=1, routed)           0.000     8.213    design_1_i/div_50_50_0/U0/cont_reg[8]_i_1_n_0
    SLICE_X0Y5           CARRY4 (Prop_carry4_CI_CO[3])
                                                      0.114     8.327 r  design_1_i/div_50_50_0/U0/cont_reg[12]_i_1/CO[3]
                         net (fo=1, routed)           0.000     8.327    design_1_i/div_50_50_0/U0/cont_reg[12]_i_1_n_0
    SLICE_X0Y6           CARRY4 (Prop_carry4_CI_CO[3])
                                                      0.114     8.441 r  design_1_i/div_50_50_0/U0/cont_reg[16]_i_1/CO[3]
                         net (fo=1, routed)           0.000     8.441    design_1_i/div_50_50_0/U0/cont_reg[16]_i_1_n_0
    SLICE_X0Y7           CARRY4 (Prop_carry4_CI_O[0])
                                                      0.223     8.664 r  design_1_i/div_50_50_0/U0/cont_reg[20]_i_1/O[0]
                         net (fo=1, routed)           0.000     8.664    design_1_i/div_50_50_0/U0/cont_reg[20]_i_1_n_7
    SLICE_X0Y7           FDCE                                         r  design_1_i/div_50_50_0/U0/cont_reg[20]/D
  -------------------------------------------------------------------    -------------------

                         (clock sys_clk_pin rise edge)
                                                     10.000    10.000 r  <hidden>
    W5                                                0.000    10.000 r  clk
                         net (fo=0)                   0.000    10.000    clk
    W5                   IBUF (Prop_ibuf_I_O)         1.388    11.388 r  clk_IBUF_inst/O
                         net (fo=28, routed)          2.261    13.650    design_1_i/div_50_50_0/U0/clk
    SLICE_X0Y7           FDCE                                         r  design_1_i/div_50_50_0/U0/cont_reg[20]/C
                         clock pessimism              0.319    13.969    <hidden>
                         clock uncertainty           -0.035    13.933    <hidden>
    SLICE_X0Y7           FDCE (Setup_fdce_C_D)        0.062    13.995    design_1_i/div_50_50_0/U0/cont_reg[20]
  -------------------------------------------------------------------
                         required time                         13.995    <hidden>
                         arrival time                          -8.664    <hidden>
  -------------------------------------------------------------------
                         slack                                  5.331    <hidden>

Slack (MET) :             5.347ns  (required time - arrival time)
  Source:                 design_1_i/div_50_50_0/U0/cont_reg[10]/C
                            (rising edge-triggered cell FDCE clocked by sys_clk_pin  {rise@0.000ns fall@5.000ns period=10.000ns})
  Destination:            design_1_i/div_50_50_0/U0/cont_reg[19]/D
                            (rising edge-triggered cell FDCE clocked by sys_clk_pin  {rise@0.000ns fall@5.000ns period=10.000ns})
  Path Group:             sys_clk_pin
  Path Type:              Setup (Max at Slow Process Corner)
  Requirement:            10.000ns  (sys_clk_pin rise@10.000ns - sys_clk_pin rise@0.000ns)
  Data Path Delay:        4.514ns  (logic 1.901ns (42.118%)  route 2.613ns (57.882%))
  Logic Levels:           7  (CARRY4=4 LUT2=1 LUT6=2)
  Clock Path Skew:        -0.166ns (DCD - SCD + CPR)
    Destination Clock Delay (DCD):    3.641ns = ( 13.641 - 10.000 ) 
    Source Clock Delay      (SCD):    4.127ns
    Clock Pessimism Removal (CPR):    0.319ns
  Clock Uncertainty:      0.035ns  ((TSJ^2 + TIJ^2)^1/2 + DJ) / 2 + PE
    Total System Jitter     (TSJ):    0.071ns
    Total Input Jitter      (TIJ):    0.000ns
    Discrete Jitter          (DJ):    0.000ns
    Phase Error              (PE):    0.000ns

    Location             Delay type                Incr(ns)  Path(ns)    Netlist Resource(s)
  -------------------------------------------------------------------    -------------------
                         (clock sys_clk_pin rise edge)
                                                      0.000     0.000 r  <hidden>
    W5                                                0.000     0.000 r  clk
                         net (fo=0)                   0.000     0.000    clk
    W5                   IBUF (Prop_ibuf_I_O)         1.458     1.458 r  clk_IBUF_inst/O
                         net (fo=28, routed)          2.668     4.127    design_1_i/div_50_50_0/U0/clk
    SLICE_X0Y4           FDCE                                         r  design_1_i/div_50_50_0/U0/cont_reg[10]/C
  -------------------------------------------------------------------    -------------------
    SLICE_X0Y4           FDCE (Prop_fdce_C_Q)         0.456     4.583 r  design_1_i/div_50_50_0/U0/cont_reg[10]/Q
                         net (fo=2, routed)           0.978     5.561    design_1_i/div_50_50_0/U0/cont_reg[10]
    SLICE_X1Y5           LUT6 (Prop_lut6_I0_O)        0.124     5.685 f  design_1_i/div_50_50_0/U0/cambio_i_6/O
                         net (fo=1, routed)           0.774     6.459    design_1_i/div_50_50_0/U0/cambio_i_6_n_0
    SLICE_X1Y3           LUT6 (Prop_lut6_I3_O)        0.124     6.583 f  design_1_i/div_50_50_0/U0/cambio_i_2/O
                         net (fo=29, routed)          0.860     7.443    design_1_i/div_50_50_0/U0/load
    SLICE_X0Y3           LUT2 (Prop_lut2_I1_O)        0.124     7.567 r  design_1_i/div_50_50_0/U0/cont[4]_i_5/O
                         net (fo=1, routed)           0.000     7.567    design_1_i/div_50_50_0/U0/cont[4]_i_5_n_0
    SLICE_X0Y3           CARRY4 (Prop_carry4_S[0]_CO[3])
                                                      0.532     8.099 r  design_1_i/div_50_50_0/U0/cont_reg[4]_i_1/CO[3]
                         net (fo=1, routed)           0.000     8.099    design_1_i/div_50_50_0/U0/cont_reg[4]_i_1_n_0
    SLICE_X0Y4           CARRY4 (Prop_carry4_CI_CO[3])
                                                      0.114     8.213 r  design_1_i/div_50_50_0/U0/cont_reg[8]_i_1/CO[3]
                         net (fo=1, routed)           0.000     8.213    design_1_i/div_50_50_0/U0/cont_reg[8]_i_1_n_0
    SLICE_X0Y5           CARRY4 (Prop_carry4_CI_CO[3])
                                                      0.114     8.327 r  design_1_i/div_50_50_0/U0/cont_reg[12]_i_1/CO[3]
                         net (fo=1, routed)           0.000     8.327    design_1_i/div_50_50_0/U0/cont_reg[12]_i_1_n_0
    SLICE_X0Y6           CARRY4 (Prop_carry4_CI_O[3])
                                                      0.313     8.640 r  design_1_i/div_50_50_0/U0/cont_reg[16]_i_1/O[3]
                         net (fo=1, routed)           0.000     8.640    design_1_i/div_50_50_0/U0/cont_reg[16]_i_1_n_4
    SLICE_X0Y6           FDCE                                         r  design_1_i/div_50_50_0/U0/cont_reg[19]/D
  -------------------------------------------------------------------    -------------------

                         (clock sys_clk_pin rise edge)
                                                     10.000    10.000 r  <hidden>
    W5                                                0.000    10.000 r  clk
                         net (fo=0)                   0.000    10.000    clk
    W5                   IBUF (Prop_ibuf_I_O)         1.388    11.388 r  clk_IBUF_inst/O
                         net (fo=28, routed)          2.253    13.641    design_1_i/div_50_50_0/U0/clk
    SLICE_X0Y6           FDCE                                         r  design_1_i/div_50_50_0/U0/cont_reg[19]/C
                         clock pessimism              0.319    13.960    <hidden>
                         clock uncertainty           -0.035    13.925    <hidden>
    SLICE_X0Y6           FDCE (Setup_fdce_C_D)        0.062    13.987    design_1_i/div_50_50_0/U0/cont_reg[19]
  -------------------------------------------------------------------
                         required time                         13.987    <hidden>
                         arrival time                          -8.640    <hidden>
  -------------------------------------------------------------------
                         slack                                  5.347    <hidden>

Slack (MET) :             5.421ns  (required time - arrival time)
  Source:                 design_1_i/div_50_50_0/U0/cont_reg[10]/C
                            (rising edge-triggered cell FDCE clocked by sys_clk_pin  {rise@0.000ns fall@5.000ns period=10.000ns})
  Destination:            design_1_i/div_50_50_0/U0/cont_reg[18]/D
                            (rising edge-triggered cell FDCE clocked by sys_clk_pin  {rise@0.000ns fall@5.000ns period=10.000ns})
  Path Group:             sys_clk_pin
  Path Type:              Setup (Max at Slow Process Corner)
  Requirement:            10.000ns  (sys_clk_pin rise@10.000ns - sys_clk_pin rise@0.000ns)
  Data Path Delay:        4.440ns  (logic 1.827ns (41.153%)  route 2.613ns (58.847%))
  Logic Levels:           7  (CARRY4=4 LUT2=1 LUT6=2)
  Clock Path Skew:        -0.166ns (DCD - SCD + CPR)
    Destination Clock Delay (DCD):    3.641ns = ( 13.641 - 10.000 ) 
    Source Clock Delay      (SCD):    4.127ns
    Clock Pessimism Removal (CPR):    0.319ns
  Clock Uncertainty:      0.035ns  ((TSJ^2 + TIJ^2)^1/2 + DJ) / 2 + PE
    Total System Jitter     (TSJ):    0.071ns
    Total Input Jitter      (TIJ):    0.000ns
    Discrete Jitter          (DJ):    0.000ns
    Phase Error              (PE):    0.000ns

    Location             Delay type                Incr(ns)  Path(ns)    Netlist Resource(s)
  -------------------------------------------------------------------    -------------------
                         (clock sys_clk_pin rise edge)
                                                      0.000     0.000 r  <hidden>
    W5                                                0.000     0.000 r  clk
                         net (fo=0)                   0.000     0.000    clk
    W5                   IBUF (Prop_ibuf_I_O)         1.458     1.458 r  clk_IBUF_inst/O
                         net (fo=28, routed)          2.668     4.127    design_1_i/div_50_50_0/U0/clk
    SLICE_X0Y4           FDCE                                         r  design_1_i/div_50_50_0/U0/cont_reg[10]/C
  -------------------------------------------------------------------    -------------------
    SLICE_X0Y4           FDCE (Prop_fdce_C_Q)         0.456     4.583 r  design_1_i/div_50_50_0/U0/cont_reg[10]/Q
                         net (fo=2, routed)           0.978     5.561    design_1_i/div_50_50_0/U0/cont_reg[10]
    SLICE_X1Y5           LUT6 (Prop_lut6_I0_O)        0.124     5.685 f  design_1_i/div_50_50_0/U0/cambio_i_6/O
                         net (fo=1, routed)           0.774     6.459    design_1_i/div_50_50_0/U0/cambio_i_6_n_0
    SLICE_X1Y3           LUT6 (Prop_lut6_I3_O)        0.124     6.583 f  design_1_i/div_50_50_0/U0/cambio_i_2/O
                         net (fo=29, routed)          0.860     7.443    design_1_i/div_50_50_0/U0/load
    SLICE_X0Y3           LUT2 (Prop_lut2_I1_O)        0.124     7.567 r  design_1_i/div_50_50_0/U0/cont[4]_i_5/O
                         net (fo=1, routed)           0.000     7.567    design_1_i/div_50_50_0/U0/cont[4]_i_5_n_0
    SLICE_X0Y3           CARRY4 (Prop_carry4_S[0]_CO[3])
                                                      0.532     8.099 r  design_1_i/div_50_50_0/U0/cont_reg[4]_i_1/CO[3]
                         net (fo=1, routed)           0.000     8.099    design_1_i/div_50_50_0/U0/cont_reg[4]_i_1_n_0
    SLICE_X0Y4           CARRY4 (Prop_carry4_CI_CO[3])
                                                      0.114     8.213 r  design_1_i/div_50_50_0/U0/cont_reg[8]_i_1/CO[3]
                         net (fo=1, routed)           0.000     8.213    design_1_i/div_50_50_0/U0/cont_reg[8]_i_1_n_0
    SLICE_X0Y5           CARRY4 (Prop_carry4_CI_CO[3])
                                                      0.114     8.327 r  design_1_i/div_50_50_0/U0/cont_reg[12]_i_1/CO[3]
                         net (fo=1, routed)           0.000     8.327    design_1_i/div_50_50_0/U0/cont_reg[12]_i_1_n_0
    SLICE_X0Y6           CARRY4 (Prop_carry4_CI_O[2])
                                                      0.239     8.566 r  design_1_i/div_50_50_0/U0/cont_reg[16]_i_1/O[2]
                         net (fo=1, routed)           0.000     8.566    design_1_i/div_50_50_0/U0/cont_reg[16]_i_1_n_5
    SLICE_X0Y6           FDCE                                         r  design_1_i/div_50_50_0/U0/cont_reg[18]/D
  -------------------------------------------------------------------    -------------------

                         (clock sys_clk_pin rise edge)
                                                     10.000    10.000 r  <hidden>
    W5                                                0.000    10.000 r  clk
                         net (fo=0)                   0.000    10.000    clk
    W5                   IBUF (Prop_ibuf_I_O)         1.388    11.388 r  clk_IBUF_inst/O
                         net (fo=28, routed)          2.253    13.641    design_1_i/div_50_50_0/U0/clk
    SLICE_X0Y6           FDCE                                         r  design_1_i/div_50_50_0/U0/cont_reg[18]/C
                         clock pessimism              0.319    13.960    <hidden>
                         clock uncertainty           -0.035    13.925    <hidden>
    SLICE_X0Y6           FDCE (Setup_fdce_C_D)        0.062    13.987    design_1_i/div_50_50_0/U0/cont_reg[18]
  -------------------------------------------------------------------
                         required time                         13.987    <hidden>
                         arrival time                          -8.566    <hidden>
  -------------------------------------------------------------------
                         slack                                  5.421    <hidden>





Min Delay Paths
--------------------------------------------------------------------------------------
Slack (MET) :             0.316ns  (arrival time - required time)
  Source:                 design_1_i/div_50_50_0/U0/cont_reg[15]/C
                            (rising edge-triggered cell FDCE clocked by sys_clk_pin  {rise@0.000ns fall@5.000ns period=10.000ns})
  Destination:            design_1_i/div_50_50_0/U0/cont_reg[15]/D
                            (rising edge-triggered cell FDCE clocked by sys_clk_pin  {rise@0.000ns fall@5.000ns period=10.000ns})
  Path Group:             sys_clk_pin
  Path Type:              Hold (Min at Fast Process Corner)
  Requirement:            0.000ns  (sys_clk_pin rise@0.000ns - sys_clk_pin rise@0.000ns)
  Data Path Delay:        0.421ns  (logic 0.249ns (59.140%)  route 0.172ns (40.860%))
  Logic Levels:           2  (CARRY4=1 LUT2=1)
  Clock Path Skew:        0.000ns (DCD - SCD - CPR)
    Destination Clock Delay (DCD):    1.830ns
    Source Clock Delay      (SCD):    1.458ns
    Clock Pessimism Removal (CPR):    0.372ns

    Location             Delay type                Incr(ns)  Path(ns)    Netlist Resource(s)
  -------------------------------------------------------------------    -------------------
                         (clock sys_clk_pin rise edge)
                                                      0.000     0.000 r  <hidden>
    W5                                                0.000     0.000 r  clk
                         net (fo=0)                   0.000     0.000    clk
    W5                   IBUF (Prop_ibuf_I_O)         0.226     0.226 r  clk_IBUF_inst/O
                         net (fo=28, routed)          1.232     1.458    design_1_i/div_50_50_0/U0/clk
    SLICE_X0Y5           FDCE                                         r  design_1_i/div_50_50_0/U0/cont_reg[15]/C
  -------------------------------------------------------------------    -------------------
    SLICE_X0Y5           FDCE (Prop_fdce_C_Q)         0.141     1.599 r  design_1_i/div_50_50_0/U0/cont_reg[15]/Q
                         net (fo=2, routed)           0.172     1.771    design_1_i/div_50_50_0/U0/cont_reg[15]
    SLICE_X0Y5           LUT2 (Prop_lut2_I0_O)        0.045     1.816 r  design_1_i/div_50_50_0/U0/cont[12]_i_2/O
                         net (fo=1, routed)           0.000     1.816    design_1_i/div_50_50_0/U0/cont[12]_i_2_n_0
    SLICE_X0Y5           CARRY4 (Prop_carry4_S[3]_O[3])
                                                      0.063     1.879 r  design_1_i/div_50_50_0/U0/cont_reg[12]_i_1/O[3]
                         net (fo=1, routed)           0.000     1.879    design_1_i/div_50_50_0/U0/cont_reg[12]_i_1_n_4
    SLICE_X0Y5           FDCE                                         r  design_1_i/div_50_50_0/U0/cont_reg[15]/D
  -------------------------------------------------------------------    -------------------

                         (clock sys_clk_pin rise edge)
                                                      0.000     0.000 r  <hidden>
    W5                                                0.000     0.000 r  clk
                         net (fo=0)                   0.000     0.000    clk
    W5                   IBUF (Prop_ibuf_I_O)         0.414     0.414 r  clk_IBUF_inst/O
                         net (fo=28, routed)          1.416     1.830    design_1_i/div_50_50_0/U0/clk
    SLICE_X0Y5           FDCE                                         r  design_1_i/div_50_50_0/U0/cont_reg[15]/C
                         clock pessimism             -0.372     1.458    <hidden>
    SLICE_X0Y5           FDCE (Hold_fdce_C_D)         0.105     1.563    design_1_i/div_50_50_0/U0/cont_reg[15]
  -------------------------------------------------------------------
                         required time                         -1.563    <hidden>
                         arrival time                           1.879    <hidden>
  -------------------------------------------------------------------
                         slack                                  0.316    <hidden>

Slack (MET) :             0.316ns  (arrival time - required time)
  Source:                 design_1_i/div_50_50_0/U0/cont_reg[23]/C
                            (rising edge-triggered cell FDCE clocked by sys_clk_pin  {rise@0.000ns fall@5.000ns period=10.000ns})
  Destination:            design_1_i/div_50_50_0/U0/cont_reg[23]/D
                            (rising edge-triggered cell FDCE clocked by sys_clk_pin  {rise@0.000ns fall@5.000ns period=10.000ns})
  Path Group:             sys_clk_pin
  Path Type:              Hold (Min at Fast Process Corner)
  Requirement:            0.000ns  (sys_clk_pin rise@0.000ns - sys_clk_pin rise@0.000ns)
  Data Path Delay:        0.421ns  (logic 0.249ns (59.140%)  route 0.172ns (40.860%))
  Logic Levels:           2  (CARRY4=1 LUT2=1)
  Clock Path Skew:        0.000ns (DCD - SCD - CPR)
    Destination Clock Delay (DCD):    1.761ns
    Source Clock Delay      (SCD):    1.399ns
    Clock Pessimism Removal (CPR):    0.362ns

    Location             Delay type                Incr(ns)  Path(ns)    Netlist Resource(s)
  -------------------------------------------------------------------    -------------------
                         (clock sys_clk_pin rise edge)
                                                      0.000     0.000 r  <hidden>
    W5                                                0.000     0.000 r  clk
                         net (fo=0)                   0.000     0.000    clk
    W5                   IBUF (Prop_ibuf_I_O)         0.226     0.226 r  clk_IBUF_inst/O
                         net (fo=28, routed)          1.172     1.399    design_1_i/div_50_50_0/U0/clk
    SLICE_X0Y7           FDCE                                         r  design_1_i/div_50_50_0/U0/cont_reg[23]/C
  -------------------------------------------------------------------    -------------------
    SLICE_X0Y7           FDCE (Prop_fdce_C_Q)         0.141     1.540 r  design_1_i/div_50_50_0/U0/cont_reg[23]/Q
                         net (fo=2, routed)           0.172     1.712    design_1_i/div_50_50_0/U0/cont_reg[23]
    SLICE_X0Y7           LUT2 (Prop_lut2_I0_O)        0.045     1.757 r  design_1_i/div_50_50_0/U0/cont[20]_i_2/O
                         net (fo=1, routed)           0.000     1.757    design_1_i/div_50_50_0/U0/cont[20]_i_2_n_0
    SLICE_X0Y7           CARRY4 (Prop_carry4_S[3]_O[3])
                                                      0.063     1.820 r  design_1_i/div_50_50_0/U0/cont_reg[20]_i_1/O[3]
                         net (fo=1, routed)           0.000     1.820    design_1_i/div_50_50_0/U0/cont_reg[20]_i_1_n_4
    SLICE_X0Y7           FDCE                                         r  design_1_i/div_50_50_0/U0/cont_reg[23]/D
  -------------------------------------------------------------------    -------------------

                         (clock sys_clk_pin rise edge)
                                                      0.000     0.000 r  <hidden>
    W5                                                0.000     0.000 r  clk
                         net (fo=0)                   0.000     0.000    clk
    W5                   IBUF (Prop_ibuf_I_O)         0.414     0.414 r  clk_IBUF_inst/O
                         net (fo=28, routed)          1.346     1.761    design_1_i/div_50_50_0/U0/clk
    SLICE_X0Y7           FDCE                                         r  design_1_i/div_50_50_0/U0/cont_reg[23]/C
                         clock pessimism             -0.362     1.399    <hidden>
    SLICE_X0Y7           FDCE (Hold_fdce_C_D)         0.105     1.504    design_1_i/div_50_50_0/U0/cont_reg[23]
  -------------------------------------------------------------------
                         required time                         -1.504    <hidden>
                         arrival time                           1.820    <hidden>
  -------------------------------------------------------------------
                         slack                                  0.316    <hidden>

Slack (MET) :             0.316ns  (arrival time - required time)
  Source:                 design_1_i/div_50_50_0/U0/cont_reg[7]/C
                            (rising edge-triggered cell FDCE clocked by sys_clk_pin  {rise@0.000ns fall@5.000ns period=10.000ns})
  Destination:            design_1_i/div_50_50_0/U0/cont_reg[7]/D
                            (rising edge-triggered cell FDCE clocked by sys_clk_pin  {rise@0.000ns fall@5.000ns period=10.000ns})
  Path Group:             sys_clk_pin
  Path Type:              Hold (Min at Fast Process Corner)
  Requirement:            0.000ns  (sys_clk_pin rise@0.000ns - sys_clk_pin rise@0.000ns)
  Data Path Delay:        0.421ns  (logic 0.249ns (59.140%)  route 0.172ns (40.860%))
  Logic Levels:           2  (CARRY4=1 LUT2=1)
  Clock Path Skew:        0.000ns (DCD - SCD - CPR)
    Destination Clock Delay (DCD):    1.768ns
    Source Clock Delay      (SCD):    1.403ns
    Clock Pessimism Removal (CPR):    0.365ns

    Location             Delay type                Incr(ns)  Path(ns)    Netlist Resource(s)
  -------------------------------------------------------------------    -------------------
                         (clock sys_clk_pin rise edge)
                                                      0.000     0.000 r  <hidden>
    W5                                                0.000     0.000 r  clk
                         net (fo=0)                   0.000     0.000    clk
    W5                   IBUF (Prop_ibuf_I_O)         0.226     0.226 r  clk_IBUF_inst/O
                         net (fo=28, routed)          1.177     1.403    design_1_i/div_50_50_0/U0/clk
    SLICE_X0Y3           FDCE                                         r  design_1_i/div_50_50_0/U0/cont_reg[7]/C
  -------------------------------------------------------------------    -------------------
    SLICE_X0Y3           FDCE (Prop_fdce_C_Q)         0.141     1.544 r  design_1_i/div_50_50_0/U0/cont_reg[7]/Q
                         net (fo=2, routed)           0.172     1.716    design_1_i/div_50_50_0/U0/cont_reg[7]
    SLICE_X0Y3           LUT2 (Prop_lut2_I0_O)        0.045     1.761 r  design_1_i/div_50_50_0/U0/cont[4]_i_2/O
                         net (fo=1, routed)           0.000     1.761    design_1_i/div_50_50_0/U0/cont[4]_i_2_n_0
    SLICE_X0Y3           CARRY4 (Prop_carry4_S[3]_O[3])
                                                      0.063     1.824 r  design_1_i/div_50_50_0/U0/cont_reg[4]_i_1/O[3]
                         net (fo=1, routed)           0.000     1.824    design_1_i/div_50_50_0/U0/cont_reg[4]_i_1_n_4
    SLICE_X0Y3           FDCE                                         r  design_1_i/div_50_50_0/U0/cont_reg[7]/D
  -------------------------------------------------------------------    -------------------

                         (clock sys_clk_pin rise edge)
                                                      0.000     0.000 r  <hidden>
    W5                                                0.000     0.000 r  clk
                         net (fo=0)                   0.000     0.000    clk
    W5                   IBUF (Prop_ibuf_I_O)         0.414     0.414 r  clk_IBUF_inst/O
                         net (fo=28, routed)          1.354     1.768    design_1_i/div_50_50_0/U0/clk
    SLICE_X0Y3           FDCE                                         r  design_1_i/div_50_50_0/U0/cont_reg[7]/C
                         clock pessimism             -0.365     1.403    <hidden>
    SLICE_X0Y3           FDCE (Hold_fdce_C_D)         0.105     1.508    design_1_i/div_50_50_0/U0/cont_reg[7]
  -------------------------------------------------------------------
                         required time                         -1.508    <hidden>
                         arrival time                           1.824    <hidden>
  -------------------------------------------------------------------
                         slack                                  0.316    <hidden>

Slack (MET) :             0.317ns  (arrival time - required time)
  Source:                 design_1_i/div_50_50_0/U0/cont_reg[19]/C
                            (rising edge-triggered cell FDCE clocked by sys_clk_pin  {rise@0.000ns fall@5.000ns period=10.000ns})
  Destination:            design_1_i/div_50_50_0/U0/cont_reg[19]/D
                            (rising edge-triggered cell FDCE clocked by sys_clk_pin  {rise@0.000ns fall@5.000ns period=10.000ns})
  Path Group:             sys_clk_pin
  Path Type:              Hold (Min at Fast Process Corner)
  Requirement:            0.000ns  (sys_clk_pin rise@0.000ns - sys_clk_pin rise@0.000ns)
  Data Path Delay:        0.422ns  (logic 0.249ns (58.995%)  route 0.173ns (41.005%))
  Logic Levels:           2  (CARRY4=1 LUT2=1)
  Clock Path Skew:        0.000ns (DCD - SCD - CPR)
    Destination Clock Delay (DCD):    1.756ns
    Source Clock Delay      (SCD):    1.394ns
    Clock Pessimism Removal (CPR):    0.362ns

    Location             Delay type                Incr(ns)  Path(ns)    Netlist Resource(s)
  -------------------------------------------------------------------    -------------------
                         (clock sys_clk_pin rise edge)
                                                      0.000     0.000 r  <hidden>
    W5                                                0.000     0.000 r  clk
                         net (fo=0)                   0.000     0.000    clk
    W5                   IBUF (Prop_ibuf_I_O)         0.226     0.226 r  clk_IBUF_inst/O
                         net (fo=28, routed)          1.168     1.394    design_1_i/div_50_50_0/U0/clk
    SLICE_X0Y6           FDCE                                         r  design_1_i/div_50_50_0/U0/cont_reg[19]/C
  -------------------------------------------------------------------    -------------------
    SLICE_X0Y6           FDCE (Prop_fdce_C_Q)         0.141     1.535 r  design_1_i/div_50_50_0/U0/cont_reg[19]/Q
                         net (fo=2, routed)           0.173     1.708    design_1_i/div_50_50_0/U0/cont_reg[19]
    SLICE_X0Y6           LUT2 (Prop_lut2_I0_O)        0.045     1.753 r  design_1_i/div_50_50_0/U0/cont[16]_i_2/O
                         net (fo=1, routed)           0.000     1.753    design_1_i/div_50_50_0/U0/cont[16]_i_2_n_0
    SLICE_X0Y6           CARRY4 (Prop_carry4_S[3]_O[3])
                                                      0.063     1.816 r  design_1_i/div_50_50_0/U0/cont_reg[16]_i_1/O[3]
                         net (fo=1, routed)           0.000     1.816    design_1_i/div_50_50_0/U0/cont_reg[16]_i_1_n_4
    SLICE_X0Y6           FDCE                                         r  design_1_i/div_50_50_0/U0/cont_reg[19]/D
  -------------------------------------------------------------------    -------------------

                         (clock sys_clk_pin rise edge)
                                                      0.000     0.000 r  <hidden>
    W5                                                0.000     0.000 r  clk
                         net (fo=0)                   0.000     0.000    clk
    W5                   IBUF (Prop_ibuf_I_O)         0.414     0.414 r  clk_IBUF_inst/O
                         net (fo=28, routed)          1.342     1.756    design_1_i/div_50_50_0/U0/clk
    SLICE_X0Y6           FDCE                                         r  design_1_i/div_50_50_0/U0/cont_reg[19]/C
                         clock pessimism             -0.362     1.394    <hidden>
    SLICE_X0Y6           FDCE (Hold_fdce_C_D)         0.105     1.499    design_1_i/div_50_50_0/U0/cont_reg[19]
  -------------------------------------------------------------------
                         required time                         -1.499    <hidden>
                         arrival time                           1.816    <hidden>
  -------------------------------------------------------------------
                         slack                                  0.317    <hidden>

Slack (MET) :             0.317ns  (arrival time - required time)
  Source:                 design_1_i/div_50_50_0/U0/cont_reg[3]/C
                            (rising edge-triggered cell FDCE clocked by sys_clk_pin  {rise@0.000ns fall@5.000ns period=10.000ns})
  Destination:            design_1_i/div_50_50_0/U0/cont_reg[3]/D
                            (rising edge-triggered cell FDCE clocked by sys_clk_pin  {rise@0.000ns fall@5.000ns period=10.000ns})
  Path Group:             sys_clk_pin
  Path Type:              Hold (Min at Fast Process Corner)
  Requirement:            0.000ns  (sys_clk_pin rise@0.000ns - sys_clk_pin rise@0.000ns)
  Data Path Delay:        0.422ns  (logic 0.249ns (58.995%)  route 0.173ns (41.005%))
  Logic Levels:           2  (CARRY4=1 LUT2=1)
  Clock Path Skew:        0.000ns (DCD - SCD - CPR)
    Destination Clock Delay (DCD):    1.747ns
    Source Clock Delay      (SCD):    1.382ns
    Clock Pessimism Removal (CPR):    0.365ns

    Location             Delay type                Incr(ns)  Path(ns)    Netlist Resource(s)
  -------------------------------------------------------------------    -------------------
                         (clock sys_clk_pin rise edge)
                                                      0.000     0.000 r  <hidden>
    W5                                                0.000     0.000 r  clk
                         net (fo=0)                   0.000     0.000    clk
    W5                   IBUF (Prop_ibuf_I_O)         0.226     0.226 r  clk_IBUF_inst/O
                         net (fo=28, routed)          1.156     1.382    design_1_i/div_50_50_0/U0/clk
    SLICE_X0Y2           FDCE                                         r  design_1_i/div_50_50_0/U0/cont_reg[3]/C
  -------------------------------------------------------------------    -------------------
    SLICE_X0Y2           FDCE (Prop_fdce_C_Q)         0.141     1.523 r  design_1_i/div_50_50_0/U0/cont_reg[3]/Q
                         net (fo=2, routed)           0.173     1.696    design_1_i/div_50_50_0/U0/cont_reg[3]
    SLICE_X0Y2           LUT2 (Prop_lut2_I0_O)        0.045     1.741 r  design_1_i/div_50_50_0/U0/cont[0]_i_3/O
                         net (fo=1, routed)           0.000     1.741    design_1_i/div_50_50_0/U0/cont[0]_i_3_n_0
    SLICE_X0Y2           CARRY4 (Prop_carry4_S[3]_O[3])
                                                      0.063     1.804 r  design_1_i/div_50_50_0/U0/cont_reg[0]_i_1/O[3]
                         net (fo=1, routed)           0.000     1.804    design_1_i/div_50_50_0/U0/cont_reg[0]_i_1_n_4
    SLICE_X0Y2           FDCE                                         r  design_1_i/div_50_50_0/U0/cont_reg[3]/D
  -------------------------------------------------------------------    -------------------

                         (clock sys_clk_pin rise edge)
                                                      0.000     0.000 r  <hidden>
    W5                                                0.000     0.000 r  clk
                         net (fo=0)                   0.000     0.000    clk
    W5                   IBUF (Prop_ibuf_I_O)         0.414     0.414 r  clk_IBUF_inst/O
                         net (fo=28, routed)          1.333     1.747    design_1_i/div_50_50_0/U0/clk
    SLICE_X0Y2           FDCE                                         r  design_1_i/div_50_50_0/U0/cont_reg[3]/C
                         clock pessimism             -0.365     1.382    <hidden>
    SLICE_X0Y2           FDCE (Hold_fdce_C_D)         0.105     1.487    design_1_i/div_50_50_0/U0/cont_reg[3]
  -------------------------------------------------------------------
                         required time                         -1.487    <hidden>
                         arrival time                           1.804    <hidden>
  -------------------------------------------------------------------
                         slack                                  0.317    <hidden>

Slack (MET) :             0.335ns  (arrival time - required time)
  Source:                 design_1_i/div_50_50_0/U0/cont_reg[12]/C
                            (rising edge-triggered cell FDCE clocked by sys_clk_pin  {rise@0.000ns fall@5.000ns period=10.000ns})
  Destination:            design_1_i/div_50_50_0/U0/cont_reg[12]/D
                            (rising edge-triggered cell FDCE clocked by sys_clk_pin  {rise@0.000ns fall@5.000ns period=10.000ns})
  Path Group:             sys_clk_pin
  Path Type:              Hold (Min at Fast Process Corner)
  Requirement:            0.000ns  (sys_clk_pin rise@0.000ns - sys_clk_pin rise@0.000ns)
  Data Path Delay:        0.440ns  (logic 0.256ns (58.221%)  route 0.184ns (41.779%))
  Logic Levels:           2  (CARRY4=1 LUT2=1)
  Clock Path Skew:        0.000ns (DCD - SCD - CPR)
    Destination Clock Delay (DCD):    1.830ns
    Source Clock Delay      (SCD):    1.458ns
    Clock Pessimism Removal (CPR):    0.372ns

    Location             Delay type                Incr(ns)  Path(ns)    Netlist Resource(s)
  -------------------------------------------------------------------    -------------------
                         (clock sys_clk_pin rise edge)
                                                      0.000     0.000 r  <hidden>
    W5                                                0.000     0.000 r  clk
                         net (fo=0)                   0.000     0.000    clk
    W5                   IBUF (Prop_ibuf_I_O)         0.226     0.226 r  clk_IBUF_inst/O
                         net (fo=28, routed)          1.232     1.458    design_1_i/div_50_50_0/U0/clk
    SLICE_X0Y5           FDCE                                         r  design_1_i/div_50_50_0/U0/cont_reg[12]/C
  -------------------------------------------------------------------    -------------------
    SLICE_X0Y5           FDCE (Prop_fdce_C_Q)         0.141     1.599 r  design_1_i/div_50_50_0/U0/cont_reg[12]/Q
                         net (fo=2, routed)           0.184     1.783    design_1_i/div_50_50_0/U0/cont_reg[12]
    SLICE_X0Y5           LUT2 (Prop_lut2_I0_O)        0.045     1.828 r  design_1_i/div_50_50_0/U0/cont[12]_i_5/O
                         net (fo=1, routed)           0.000     1.828    design_1_i/div_50_50_0/U0/cont[12]_i_5_n_0
    SLICE_X0Y5           CARRY4 (Prop_carry4_S[0]_O[0])
                                                      0.070     1.898 r  design_1_i/div_50_50_0/U0/cont_reg[12]_i_1/O[0]
                         net (fo=1, routed)           0.000     1.898    design_1_i/div_50_50_0/U0/cont_reg[12]_i_1_n_7
    SLICE_X0Y5           FDCE                                         r  design_1_i/div_50_50_0/U0/cont_reg[12]/D
  -------------------------------------------------------------------    -------------------

                         (clock sys_clk_pin rise edge)
                                                      0.000     0.000 r  <hidden>
    W5                                                0.000     0.000 r  clk
                         net (fo=0)                   0.000     0.000    clk
    W5                   IBUF (Prop_ibuf_I_O)         0.414     0.414 r  clk_IBUF_inst/O
                         net (fo=28, routed)          1.416     1.830    design_1_i/div_50_50_0/U0/clk
    SLICE_X0Y5           FDCE                                         r  design_1_i/div_50_50_0/U0/cont_reg[12]/C
                         clock pessimism             -0.372     1.458    <hidden>
    SLICE_X0Y5           FDCE (Hold_fdce_C_D)         0.105     1.563    design_1_i/div_50_50_0/U0/cont_reg[12]
  -------------------------------------------------------------------
                         required time                         -1.563    <hidden>
                         arrival time                           1.898    <hidden>
  -------------------------------------------------------------------
                         slack                                  0.335    <hidden>

Slack (MET) :             0.335ns  (arrival time - required time)
  Source:                 design_1_i/div_50_50_0/U0/cont_reg[20]/C
                            (rising edge-triggered cell FDCE clocked by sys_clk_pin  {rise@0.000ns fall@5.000ns period=10.000ns})
  Destination:            design_1_i/div_50_50_0/U0/cont_reg[20]/D
                            (rising edge-triggered cell FDCE clocked by sys_clk_pin  {rise@0.000ns fall@5.000ns period=10.000ns})
  Path Group:             sys_clk_pin
  Path Type:              Hold (Min at Fast Process Corner)
  Requirement:            0.000ns  (sys_clk_pin rise@0.000ns - sys_clk_pin rise@0.000ns)
  Data Path Delay:        0.440ns  (logic 0.256ns (58.221%)  route 0.184ns (41.779%))
  Logic Levels:           2  (CARRY4=1 LUT2=1)
  Clock Path Skew:        0.000ns (DCD - SCD - CPR)
    Destination Clock Delay (DCD):    1.761ns
    Source Clock Delay      (SCD):    1.399ns
    Clock Pessimism Removal (CPR):    0.362ns

    Location             Delay type                Incr(ns)  Path(ns)    Netlist Resource(s)
  -------------------------------------------------------------------    -------------------
                         (clock sys_clk_pin rise edge)
                                                      0.000     0.000 r  <hidden>
    W5                                                0.000     0.000 r  clk
                         net (fo=0)                   0.000     0.000    clk
    W5                   IBUF (Prop_ibuf_I_O)         0.226     0.226 r  clk_IBUF_inst/O
                         net (fo=28, routed)          1.172     1.399    design_1_i/div_50_50_0/U0/clk
    SLICE_X0Y7           FDCE                                         r  design_1_i/div_50_50_0/U0/cont_reg[20]/C
  -------------------------------------------------------------------    -------------------
    SLICE_X0Y7           FDCE (Prop_fdce_C_Q)         0.141     1.540 r  design_1_i/div_50_50_0/U0/cont_reg[20]/Q
                         net (fo=2, routed)           0.184     1.724    design_1_i/div_50_50_0/U0/cont_reg[20]
    SLICE_X0Y7           LUT2 (Prop_lut2_I0_O)        0.045     1.769 r  design_1_i/div_50_50_0/U0/cont[20]_i_5/O
                         net (fo=1, routed)           0.000     1.769    design_1_i/div_50_50_0/U0/cont[20]_i_5_n_0
    SLICE_X0Y7           CARRY4 (Prop_carry4_S[0]_O[0])
                                                      0.070     1.839 r  design_1_i/div_50_50_0/U0/cont_reg[20]_i_1/O[0]
                         net (fo=1, routed)           0.000     1.839    design_1_i/div_50_50_0/U0/cont_reg[20]_i_1_n_7
    SLICE_X0Y7           FDCE                                         r  design_1_i/div_50_50_0/U0/cont_reg[20]/D
  -------------------------------------------------------------------    -------------------

                         (clock sys_clk_pin rise edge)
                                                      0.000     0.000 r  <hidden>
    W5                                                0.000     0.000 r  clk
                         net (fo=0)                   0.000     0.000    clk
    W5                   IBUF (Prop_ibuf_I_O)         0.414     0.414 r  clk_IBUF_inst/O
                         net (fo=28, routed)          1.346     1.761    design_1_i/div_50_50_0/U0/clk
    SLICE_X0Y7           FDCE                                         r  design_1_i/div_50_50_0/U0/cont_reg[20]/C
                         clock pessimism             -0.362     1.399    <hidden>
    SLICE_X0Y7           FDCE (Hold_fdce_C_D)         0.105     1.504    design_1_i/div_50_50_0/U0/cont_reg[20]
  -------------------------------------------------------------------
                         required time                         -1.504    <hidden>
                         arrival time                           1.839    <hidden>
  -------------------------------------------------------------------
                         slack                                  0.335    <hidden>

Slack (MET) :             0.335ns  (arrival time - required time)
  Source:                 design_1_i/div_50_50_0/U0/cont_reg[4]/C
                            (rising edge-triggered cell FDCE clocked by sys_clk_pin  {rise@0.000ns fall@5.000ns period=10.000ns})
  Destination:            design_1_i/div_50_50_0/U0/cont_reg[4]/D
                            (rising edge-triggered cell FDCE clocked by sys_clk_pin  {rise@0.000ns fall@5.000ns period=10.000ns})
  Path Group:             sys_clk_pin
  Path Type:              Hold (Min at Fast Process Corner)
  Requirement:            0.000ns  (sys_clk_pin rise@0.000ns - sys_clk_pin rise@0.000ns)
  Data Path Delay:        0.440ns  (logic 0.256ns (58.221%)  route 0.184ns (41.779%))
  Logic Levels:           2  (CARRY4=1 LUT2=1)
  Clock Path Skew:        0.000ns (DCD - SCD - CPR)
    Destination Clock Delay (DCD):    1.768ns
    Source Clock Delay      (SCD):    1.403ns
    Clock Pessimism Removal (CPR):    0.365ns

    Location             Delay type                Incr(ns)  Path(ns)    Netlist Resource(s)
  -------------------------------------------------------------------    -------------------
                         (clock sys_clk_pin rise edge)
                                                      0.000     0.000 r  <hidden>
    W5                                                0.000     0.000 r  clk
                         net (fo=0)                   0.000     0.000    clk
    W5                   IBUF (Prop_ibuf_I_O)         0.226     0.226 r  clk_IBUF_inst/O
                         net (fo=28, routed)          1.177     1.403    design_1_i/div_50_50_0/U0/clk
    SLICE_X0Y3           FDCE                                         r  design_1_i/div_50_50_0/U0/cont_reg[4]/C
  -------------------------------------------------------------------    -------------------
    SLICE_X0Y3           FDCE (Prop_fdce_C_Q)         0.141     1.544 r  design_1_i/div_50_50_0/U0/cont_reg[4]/Q
                         net (fo=2, routed)           0.184     1.728    design_1_i/div_50_50_0/U0/cont_reg[4]
    SLICE_X0Y3           LUT2 (Prop_lut2_I0_O)        0.045     1.773 r  design_1_i/div_50_50_0/U0/cont[4]_i_5/O
                         net (fo=1, routed)           0.000     1.773    design_1_i/div_50_50_0/U0/cont[4]_i_5_n_0
    SLICE_X0Y3           CARRY4 (Prop_carry4_S[0]_O[0])
                                                      0.070     1.843 r  design_1_i/div_50_50_0/U0/cont_reg[4]_i_1/O[0]
                         net (fo=1, routed)           0.000     1.843    design_1_i/div_50_50_0/U0/cont_reg[4]_i_1_n_7
    SLICE_X0Y3           FDCE                                         r  design_1_i/div_50_50_0/U0/cont_reg[4]/D
  -------------------------------------------------------------------    -------------------

                         (clock sys_clk_pin rise edge)
                                                      0.000     0.000 r  <hidden>
    W5                                                0.000     0.000 r  clk
                         net (fo=0)                   0.000     0.000    clk
    W5                   IBUF (Prop_ibuf_I_O)         0.414     0.414 r  clk_IBUF_inst/O
                         net (fo=28, routed)          1.354     1.768    design_1_i/div_50_50_0/U0/clk
    SLICE_X0Y3           FDCE                                         r  design_1_i/div_50_50_0/U0/cont_reg[4]/C
                         clock pessimism             -0.365     1.403    <hidden>
    SLICE_X0Y3           FDCE (Hold_fdce_C_D)         0.105     1.508    design_1_i/div_50_50_0/U0/cont_reg[4]
  -------------------------------------------------------------------
                         required time                         -1.508    <hidden>
                         arrival time                           1.843    <hidden>
  -------------------------------------------------------------------
                         slack                                  0.335    <hidden>

Slack (MET) :             0.336ns  (arrival time - required time)
  Source:                 design_1_i/div_50_50_0/U0/cont_reg[0]/C
                            (rising edge-triggered cell FDCE clocked by sys_clk_pin  {rise@0.000ns fall@5.000ns period=10.000ns})
  Destination:            design_1_i/div_50_50_0/U0/cont_reg[0]/D
                            (rising edge-triggered cell FDCE clocked by sys_clk_pin  {rise@0.000ns fall@5.000ns period=10.000ns})
  Path Group:             sys_clk_pin
  Path Type:              Hold (Min at Fast Process Corner)
  Requirement:            0.000ns  (sys_clk_pin rise@0.000ns - sys_clk_pin rise@0.000ns)
  Data Path Delay:        0.441ns  (logic 0.256ns (58.085%)  route 0.185ns (41.915%))
  Logic Levels:           2  (CARRY4=1 LUT2=1)
  Clock Path Skew:        0.000ns (DCD - SCD - CPR)
    Destination Clock Delay (DCD):    1.747ns
    Source Clock Delay      (SCD):    1.382ns
    Clock Pessimism Removal (CPR):    0.365ns

    Location             Delay type                Incr(ns)  Path(ns)    Netlist Resource(s)
  -------------------------------------------------------------------    -------------------
                         (clock sys_clk_pin rise edge)
                                                      0.000     0.000 r  <hidden>
    W5                                                0.000     0.000 r  clk
                         net (fo=0)                   0.000     0.000    clk
    W5                   IBUF (Prop_ibuf_I_O)         0.226     0.226 r  clk_IBUF_inst/O
                         net (fo=28, routed)          1.156     1.382    design_1_i/div_50_50_0/U0/clk
    SLICE_X0Y2           FDCE                                         r  design_1_i/div_50_50_0/U0/cont_reg[0]/C
  -------------------------------------------------------------------    -------------------
    SLICE_X0Y2           FDCE (Prop_fdce_C_Q)         0.141     1.523 f  design_1_i/div_50_50_0/U0/cont_reg[0]/Q
                         net (fo=3, routed)           0.185     1.708    design_1_i/div_50_50_0/U0/cont_reg[0]
    SLICE_X0Y2           LUT2 (Prop_lut2_I0_O)        0.045     1.753 r  design_1_i/div_50_50_0/U0/cont[0]_i_6/O
                         net (fo=1, routed)           0.000     1.753    design_1_i/div_50_50_0/U0/cont[0]_i_6_n_0
    SLICE_X0Y2           CARRY4 (Prop_carry4_S[0]_O[0])
                                                      0.070     1.823 r  design_1_i/div_50_50_0/U0/cont_reg[0]_i_1/O[0]
                         net (fo=1, routed)           0.000     1.823    design_1_i/div_50_50_0/U0/cont_reg[0]_i_1_n_7
    SLICE_X0Y2           FDCE                                         r  design_1_i/div_50_50_0/U0/cont_reg[0]/D
  -------------------------------------------------------------------    -------------------

                         (clock sys_clk_pin rise edge)
                                                      0.000     0.000 r  <hidden>
    W5                                                0.000     0.000 r  clk
                         net (fo=0)                   0.000     0.000    clk
    W5                   IBUF (Prop_ibuf_I_O)         0.414     0.414 r  clk_IBUF_inst/O
                         net (fo=28, routed)          1.333     1.747    design_1_i/div_50_50_0/U0/clk
    SLICE_X0Y2           FDCE                                         r  design_1_i/div_50_50_0/U0/cont_reg[0]/C
                         clock pessimism             -0.365     1.382    <hidden>
    SLICE_X0Y2           FDCE (Hold_fdce_C_D)         0.105     1.487    design_1_i/div_50_50_0/U0/cont_reg[0]
  -------------------------------------------------------------------
                         required time                         -1.487    <hidden>
                         arrival time                           1.823    <hidden>
  -------------------------------------------------------------------
                         slack                                  0.336    <hidden>

Slack (MET) :             0.336ns  (arrival time - required time)
  Source:                 design_1_i/div_50_50_0/U0/cont_reg[16]/C
                            (rising edge-triggered cell FDCE clocked by sys_clk_pin  {rise@0.000ns fall@5.000ns period=10.000ns})
  Destination:            design_1_i/div_50_50_0/U0/cont_reg[16]/D
                            (rising edge-triggered cell FDCE clocked by sys_clk_pin  {rise@0.000ns fall@5.000ns period=10.000ns})
  Path Group:             sys_clk_pin
  Path Type:              Hold (Min at Fast Process Corner)
  Requirement:            0.000ns  (sys_clk_pin rise@0.000ns - sys_clk_pin rise@0.000ns)
  Data Path Delay:        0.441ns  (logic 0.256ns (58.085%)  route 0.185ns (41.915%))
  Logic Levels:           2  (CARRY4=1 LUT2=1)
  Clock Path Skew:        0.000ns (DCD - SCD - CPR)
    Destination Clock Delay (DCD):    1.756ns
    Source Clock Delay      (SCD):    1.394ns
    Clock Pessimism Removal (CPR):    0.362ns

    Location             Delay type                Incr(ns)  Path(ns)    Netlist Resource(s)
  -------------------------------------------------------------------    -------------------
                         (clock sys_clk_pin rise edge)
                                                      0.000     0.000 r  <hidden>
    W5                                                0.000     0.000 r  clk
                         net (fo=0)                   0.000     0.000    clk
    W5                   IBUF (Prop_ibuf_I_O)         0.226     0.226 r  clk_IBUF_inst/O
                         net (fo=28, routed)          1.168     1.394    design_1_i/div_50_50_0/U0/clk
    SLICE_X0Y6           FDCE                                         r  design_1_i/div_50_50_0/U0/cont_reg[16]/C
  -------------------------------------------------------------------    -------------------
    SLICE_X0Y6           FDCE (Prop_fdce_C_Q)         0.141     1.535 r  design_1_i/div_50_50_0/U0/cont_reg[16]/Q
                         net (fo=2, routed)           0.185     1.720    design_1_i/div_50_50_0/U0/cont_reg[16]
    SLICE_X0Y6           LUT2 (Prop_lut2_I0_O)        0.045     1.765 r  design_1_i/div_50_50_0/U0/cont[16]_i_5/O
                         net (fo=1, routed)           0.000     1.765    design_1_i/div_50_50_0/U0/cont[16]_i_5_n_0
    SLICE_X0Y6           CARRY4 (Prop_carry4_S[0]_O[0])
                                                      0.070     1.835 r  design_1_i/div_50_50_0/U0/cont_reg[16]_i_1/O[0]
                         net (fo=1, routed)           0.000     1.835    design_1_i/div_50_50_0/U0/cont_reg[16]_i_1_n_7
    SLICE_X0Y6           FDCE                                         r  design_1_i/div_50_50_0/U0/cont_reg[16]/D
  -------------------------------------------------------------------    -------------------

                         (clock sys_clk_pin rise edge)
                                                      0.000     0.000 r  <hidden>
    W5                                                0.000     0.000 r  clk
                         net (fo=0)                   0.000     0.000    clk
    W5                   IBUF (Prop_ibuf_I_O)         0.414     0.414 r  clk_IBUF_inst/O
                         net (fo=28, routed)          1.342     1.756    design_1_i/div_50_50_0/U0/clk
    SLICE_X0Y6           FDCE                                         r  design_1_i/div_50_50_0/U0/cont_reg[16]/C
                         clock pessimism             -0.362     1.394    <hidden>
    SLICE_X0Y6           FDCE (Hold_fdce_C_D)         0.105     1.499    design_1_i/div_50_50_0/U0/cont_reg[16]
  -------------------------------------------------------------------
                         required time                         -1.499    <hidden>
                         arrival time                           1.835    <hidden>
  -------------------------------------------------------------------
                         slack                                  0.336    <hidden>





Pulse Width Checks
--------------------------------------------------------------------------------------
Clock Name:         sys_clk_pin
Waveform(ns):       { 0.000 5.000 }
Period(ns):         10.000
Sources:            { clk }

Check Type        Corner  Lib Pin  Reference Pin  Required(ns)  Actual(ns)  Slack(ns)  Location    Pin
Min Period        n/a     FDCE/C   n/a            1.000         10.000      9.000      SLICE_X1Y4  design_1_i/div_50_50_0/U0/cambio_reg/C
Min Period        n/a     FDCE/C   n/a            1.000         10.000      9.000      SLICE_X0Y2  design_1_i/div_50_50_0/U0/cont_reg[0]/C
Min Period        n/a     FDCE/C   n/a            1.000         10.000      9.000      SLICE_X0Y4  design_1_i/div_50_50_0/U0/cont_reg[10]/C
Min Period        n/a     FDCE/C   n/a            1.000         10.000      9.000      SLICE_X0Y4  design_1_i/div_50_50_0/U0/cont_reg[11]/C
Min Period        n/a     FDCE/C   n/a            1.000         10.000      9.000      SLICE_X0Y5  design_1_i/div_50_50_0/U0/cont_reg[12]/C
Min Period        n/a     FDCE/C   n/a            1.000         10.000      9.000      SLICE_X0Y5  design_1_i/div_50_50_0/U0/cont_reg[13]/C
Min Period        n/a     FDCE/C   n/a            1.000         10.000      9.000      SLICE_X0Y5  design_1_i/div_50_50_0/U0/cont_reg[14]/C
Min Period        n/a     FDCE/C   n/a            1.000         10.000      9.000      SLICE_X0Y5  design_1_i/div_50_50_0/U0/cont_reg[15]/C
Min Period        n/a     FDCE/C   n/a            1.000         10.000      9.000      SLICE_X0Y6  design_1_i/div_50_50_0/U0/cont_reg[16]/C
Min Period        n/a     FDCE/C   n/a            1.000         10.000      9.000      SLICE_X0Y6  design_1_i/div_50_50_0/U0/cont_reg[17]/C
Low Pulse Width   Slow    FDCE/C   n/a            0.500         5.000       4.500      SLICE_X1Y4  design_1_i/div_50_50_0/U0/cambio_reg/C
Low Pulse Width   Fast    FDCE/C   n/a            0.500         5.000       4.500      SLICE_X1Y4  design_1_i/div_50_50_0/U0/cambio_reg/C
Low Pulse Width   Slow    FDCE/C   n/a            0.500         5.000       4.500      SLICE_X0Y2  design_1_i/div_50_50_0/U0/cont_reg[0]/C
Low Pulse Width   Fast    FDCE/C   n/a            0.500         5.000       4.500      SLICE_X0Y2  design_1_i/div_50_50_0/U0/cont_reg[0]/C
Low Pulse Width   Slow    FDCE/C   n/a            0.500         5.000       4.500      SLICE_X0Y4  design_1_i/div_50_50_0/U0/cont_reg[10]/C
Low Pulse Width   Fast    FDCE/C   n/a            0.500         5.000       4.500      SLICE_X0Y4  design_1_i/div_50_50_0/U0/cont_reg[10]/C
Low Pulse Width   Slow    FDCE/C   n/a            0.500         5.000       4.500      SLICE_X0Y4  design_1_i/div_50_50_0/U0/cont_reg[11]/C
Low Pulse Width   Fast    FDCE/C   n/a            0.500         5.000       4.500      SLICE_X0Y4  design_1_i/div_50_50_0/U0/cont_reg[11]/C
Low Pulse Width   Slow    FDCE/C   n/a            0.500         5.000       4.500      SLICE_X0Y5  design_1_i/div_50_50_0/U0/cont_reg[12]/C
Low Pulse Width   Fast    FDCE/C   n/a            0.500         5.000       4.500      SLICE_X0Y5  design_1_i/div_50_50_0/U0/cont_reg[12]/C
High Pulse Width  Slow    FDCE/C   n/a            0.500         5.000       4.500      SLICE_X1Y4  design_1_i/div_50_50_0/U0/cambio_reg/C
High Pulse Width  Fast    FDCE/C   n/a            0.500         5.000       4.500      SLICE_X1Y4  design_1_i/div_50_50_0/U0/cambio_reg/C
High Pulse Width  Slow    FDCE/C   n/a            0.500         5.000       4.500      SLICE_X0Y2  design_1_i/div_50_50_0/U0/cont_reg[0]/C
High Pulse Width  Fast    FDCE/C   n/a            0.500         5.000       4.500      SLICE_X0Y2  design_1_i/div_50_50_0/U0/cont_reg[0]/C
High Pulse Width  Slow    FDCE/C   n/a            0.500         5.000       4.500      SLICE_X0Y4  design_1_i/div_50_50_0/U0/cont_reg[10]/C
High Pulse Width  Fast    FDCE/C   n/a            0.500         5.000       4.500      SLICE_X0Y4  design_1_i/div_50_50_0/U0/cont_reg[10]/C
High Pulse Width  Slow    FDCE/C   n/a            0.500         5.000       4.500      SLICE_X0Y4  design_1_i/div_50_50_0/U0/cont_reg[11]/C
High Pulse Width  Fast    FDCE/C   n/a            0.500         5.000       4.500      SLICE_X0Y4  design_1_i/div_50_50_0/U0/cont_reg[11]/C
High Pulse Width  Slow    FDCE/C   n/a            0.500         5.000       4.500      SLICE_X0Y5  design_1_i/div_50_50_0/U0/cont_reg[12]/C
High Pulse Width  Fast    FDCE/C   n/a            0.500         5.000       4.500      SLICE_X0Y5  design_1_i/div_50_50_0/U0/cont_reg[12]/C



--------------------------------------------------------------------------------------
Path Group:  (none)
From Clock:  sys_clk_pin
  To Clock:  

Max Delay             1 Endpoint
Min Delay             1 Endpoint
--------------------------------------------------------------------------------------


Max Delay Paths
--------------------------------------------------------------------------------------
Slack:                    inf
  Source:                 design_1_i/div_50_50_0/U0/cambio_reg/C
                            (rising edge-triggered cell FDCE clocked by sys_clk_pin  {rise@0.000ns fall@5.000ns period=10.000ns})
  Destination:            led
                            (output port)
  Path Group:             (none)
  Path Type:              Max at Slow Process Corner
  Data Path Delay:        6.049ns  (logic 3.961ns (65.482%)  route 2.088ns (34.518%))
  Logic Levels:           1  (OBUF=1)
  Clock Uncertainty:      0.025ns  ((TSJ^2 + TIJ^2)^1/2 + DJ) / 2 + PE
    Total System Jitter     (TSJ):    0.050ns
    Total Input Jitter      (TIJ):    0.000ns
    Discrete Jitter          (DJ):    0.000ns
    Phase Error              (PE):    0.000ns

    Location             Delay type                Incr(ns)  Path(ns)    Netlist Resource(s)
  -------------------------------------------------------------------    -------------------
                         (clock sys_clk_pin rise edge)
                                                      0.000     0.000 r  <hidden>
    W5                                                0.000     0.000 r  clk
                         net (fo=0)                   0.000     0.000    clk
    W5                   IBUF (Prop_ibuf_I_O)         1.458     1.458 r  clk_IBUF_inst/O
                         net (fo=28, routed)          2.668     4.127    design_1_i/div_50_50_0/U0/clk
    SLICE_X1Y4           FDCE                                         r  design_1_i/div_50_50_0/U0/cambio_reg/C
  -------------------------------------------------------------------    -------------------
    SLICE_X1Y4           FDCE (Prop_fdce_C_Q)         0.456     4.583 r  design_1_i/div_50_50_0/U0/cambio_reg/Q
                         net (fo=2, routed)           2.088     6.670    led_OBUF
    U16                  OBUF (Prop_obuf_I_O)         3.505    10.175 r  led_OBUF_inst/O
                         net (fo=0)                   0.000    10.175    led
    U16                                                               r  led
  -------------------------------------------------------------------    -------------------





Min Delay Paths
--------------------------------------------------------------------------------------
Slack:                    inf
  Source:                 design_1_i/div_50_50_0/U0/cambio_reg/C
                            (rising edge-triggered cell FDCE clocked by sys_clk_pin  {rise@0.000ns fall@5.000ns period=10.000ns})
  Destination:            led
                            (output port)
  Path Group:             (none)
  Path Type:              Min at Fast Process Corner
  Data Path Delay:        1.872ns  (logic 1.347ns (71.959%)  route 0.525ns (28.041%))
  Logic Levels:           1  (OBUF=1)
  Clock Uncertainty:      0.025ns  ((TSJ^2 + TIJ^2)^1/2 + DJ) / 2 + PE
    Total System Jitter     (TSJ):    0.050ns
    Total Input Jitter      (TIJ):    0.000ns
    Discrete Jitter          (DJ):    0.000ns
    Phase Error              (PE):    0.000ns

    Location             Delay type                Incr(ns)  Path(ns)    Netlist Resource(s)
  -------------------------------------------------------------------    -------------------
                         (clock sys_clk_pin rise edge)
                                                      0.000     0.000 r  <hidden>
    W5                                                0.000     0.000 r  clk
                         net (fo=0)                   0.000     0.000    clk
    W5                   IBUF (Prop_ibuf_I_O)         0.226     0.226 r  clk_IBUF_inst/O
                         net (fo=28, routed)          1.173     1.400    design_1_i/div_50_50_0/U0/clk
    SLICE_X1Y4           FDCE                                         r  design_1_i/div_50_50_0/U0/cambio_reg/C
  -------------------------------------------------------------------    -------------------
    SLICE_X1Y4           FDCE (Prop_fdce_C_Q)         0.141     1.541 r  design_1_i/div_50_50_0/U0/cambio_reg/Q
                         net (fo=2, routed)           0.525     2.066    led_OBUF
    U16                  OBUF (Prop_obuf_I_O)         1.206     3.271 r  led_OBUF_inst/O
                         net (fo=0)                   0.000     3.271    led
    U16                                                               r  led
  -------------------------------------------------------------------    -------------------





--------------------------------------------------------------------------------------
Path Group:  (none)
From Clock:  
  To Clock:  sys_clk_pin

Max Delay            28 Endpoints
Min Delay            28 Endpoints
--------------------------------------------------------------------------------------


Max Delay Paths
--------------------------------------------------------------------------------------
Slack:                    inf
  Source:                 rst
                            (input port)
  Destination:            design_1_i/div_50_50_0/U0/cont_reg[0]/CLR
                            (recovery check against rising-edge clock sys_clk_pin  {rise@0.000ns fall@5.000ns period=10.000ns})
  Path Group:             (none)
  Path Type:              Recovery (Max at Slow Process Corner)
  Data Path Delay:        3.290ns  (logic 1.441ns (43.811%)  route 1.848ns (56.189%))
  Logic Levels:           1  (IBUF=1)
  Clock Path Skew:        3.661ns (DCD - SCD + CPR)
    Destination Clock Delay (DCD):    3.661ns
    Source Clock Delay      (SCD):    0.000ns
    Clock Pessimism Removal (CPR):    0.000ns
  Clock Uncertainty:      0.025ns  ((TSJ^2 + TIJ^2)^1/2 + DJ) / 2 + PE
    Total System Jitter     (TSJ):    0.050ns
    Total Input Jitter      (TIJ):    0.000ns
    Discrete Jitter          (DJ):    0.000ns
    Phase Error              (PE):    0.000ns

    Location             Delay type                Incr(ns)  Path(ns)    Netlist Resource(s)
  -------------------------------------------------------------------    -------------------
    U18                                               0.000     0.000 f  rst
                         net (fo=0)                   0.000     0.000    rst
    U18                  IBUF (Prop_ibuf_I_O)         1.441     1.441 f  rst_IBUF_inst/O
                         net (fo=28, routed)          1.848     3.290    design_1_i/div_50_50_0/U0/rst
    SLICE_X0Y2           FDCE                                         f  design_1_i/div_50_50_0/U0/cont_reg[0]/CLR
  -------------------------------------------------------------------    -------------------

                         (clock sys_clk_pin rise edge)
                                                      0.000     0.000 r  <hidden>
    W5                                                0.000     0.000 r  clk
                         net (fo=0)                   0.000     0.000    clk
    W5                   IBUF (Prop_ibuf_I_O)         1.388     1.388 r  clk_IBUF_inst/O
                         net (fo=28, routed)          2.273     3.661    design_1_i/div_50_50_0/U0/clk
    SLICE_X0Y2           FDCE                                         r  design_1_i/div_50_50_0/U0/cont_reg[0]/C

Slack:                    inf
  Source:                 rst
                            (input port)
  Destination:            design_1_i/div_50_50_0/U0/cont_reg[1]/CLR
                            (recovery check against rising-edge clock sys_clk_pin  {rise@0.000ns fall@5.000ns period=10.000ns})
  Path Group:             (none)
  Path Type:              Recovery (Max at Slow Process Corner)
  Data Path Delay:        3.290ns  (logic 1.441ns (43.811%)  route 1.848ns (56.189%))
  Logic Levels:           1  (IBUF=1)
  Clock Path Skew:        3.661ns (DCD - SCD + CPR)
    Destination Clock Delay (DCD):    3.661ns
    Source Clock Delay      (SCD):    0.000ns
    Clock Pessimism Removal (CPR):    0.000ns
  Clock Uncertainty:      0.025ns  ((TSJ^2 + TIJ^2)^1/2 + DJ) / 2 + PE
    Total System Jitter     (TSJ):    0.050ns
    Total Input Jitter      (TIJ):    0.000ns
    Discrete Jitter          (DJ):    0.000ns
    Phase Error              (PE):    0.000ns

    Location             Delay type                Incr(ns)  Path(ns)    Netlist Resource(s)
  -------------------------------------------------------------------    -------------------
    U18                                               0.000     0.000 f  rst
                         net (fo=0)                   0.000     0.000    rst
    U18                  IBUF (Prop_ibuf_I_O)         1.441     1.441 f  rst_IBUF_inst/O
                         net (fo=28, routed)          1.848     3.290    design_1_i/div_50_50_0/U0/rst
    SLICE_X0Y2           FDCE                                         f  design_1_i/div_50_50_0/U0/cont_reg[1]/CLR
  -------------------------------------------------------------------    -------------------

                         (clock sys_clk_pin rise edge)
                                                      0.000     0.000 r  <hidden>
    W5                                                0.000     0.000 r  clk
                         net (fo=0)                   0.000     0.000    clk
    W5                   IBUF (Prop_ibuf_I_O)         1.388     1.388 r  clk_IBUF_inst/O
                         net (fo=28, routed)          2.273     3.661    design_1_i/div_50_50_0/U0/clk
    SLICE_X0Y2           FDCE                                         r  design_1_i/div_50_50_0/U0/cont_reg[1]/C

Slack:                    inf
  Source:                 rst
                            (input port)
  Destination:            design_1_i/div_50_50_0/U0/cont_reg[2]/CLR
                            (recovery check against rising-edge clock sys_clk_pin  {rise@0.000ns fall@5.000ns period=10.000ns})
  Path Group:             (none)
  Path Type:              Recovery (Max at Slow Process Corner)
  Data Path Delay:        3.290ns  (logic 1.441ns (43.811%)  route 1.848ns (56.189%))
  Logic Levels:           1  (IBUF=1)
  Clock Path Skew:        3.661ns (DCD - SCD + CPR)
    Destination Clock Delay (DCD):    3.661ns
    Source Clock Delay      (SCD):    0.000ns
    Clock Pessimism Removal (CPR):    0.000ns
  Clock Uncertainty:      0.025ns  ((TSJ^2 + TIJ^2)^1/2 + DJ) / 2 + PE
    Total System Jitter     (TSJ):    0.050ns
    Total Input Jitter      (TIJ):    0.000ns
    Discrete Jitter          (DJ):    0.000ns
    Phase Error              (PE):    0.000ns

    Location             Delay type                Incr(ns)  Path(ns)    Netlist Resource(s)
  -------------------------------------------------------------------    -------------------
    U18                                               0.000     0.000 f  rst
                         net (fo=0)                   0.000     0.000    rst
    U18                  IBUF (Prop_ibuf_I_O)         1.441     1.441 f  rst_IBUF_inst/O
                         net (fo=28, routed)          1.848     3.290    design_1_i/div_50_50_0/U0/rst
    SLICE_X0Y2           FDCE                                         f  design_1_i/div_50_50_0/U0/cont_reg[2]/CLR
  -------------------------------------------------------------------    -------------------

                         (clock sys_clk_pin rise edge)
                                                      0.000     0.000 r  <hidden>
    W5                                                0.000     0.000 r  clk
                         net (fo=0)                   0.000     0.000    clk
    W5                   IBUF (Prop_ibuf_I_O)         1.388     1.388 r  clk_IBUF_inst/O
                         net (fo=28, routed)          2.273     3.661    design_1_i/div_50_50_0/U0/clk
    SLICE_X0Y2           FDCE                                         r  design_1_i/div_50_50_0/U0/cont_reg[2]/C

Slack:                    inf
  Source:                 rst
                            (input port)
  Destination:            design_1_i/div_50_50_0/U0/cont_reg[3]/CLR
                            (recovery check against rising-edge clock sys_clk_pin  {rise@0.000ns fall@5.000ns period=10.000ns})
  Path Group:             (none)
  Path Type:              Recovery (Max at Slow Process Corner)
  Data Path Delay:        3.290ns  (logic 1.441ns (43.811%)  route 1.848ns (56.189%))
  Logic Levels:           1  (IBUF=1)
  Clock Path Skew:        3.661ns (DCD - SCD + CPR)
    Destination Clock Delay (DCD):    3.661ns
    Source Clock Delay      (SCD):    0.000ns
    Clock Pessimism Removal (CPR):    0.000ns
  Clock Uncertainty:      0.025ns  ((TSJ^2 + TIJ^2)^1/2 + DJ) / 2 + PE
    Total System Jitter     (TSJ):    0.050ns
    Total Input Jitter      (TIJ):    0.000ns
    Discrete Jitter          (DJ):    0.000ns
    Phase Error              (PE):    0.000ns

    Location             Delay type                Incr(ns)  Path(ns)    Netlist Resource(s)
  -------------------------------------------------------------------    -------------------
    U18                                               0.000     0.000 f  rst
                         net (fo=0)                   0.000     0.000    rst
    U18                  IBUF (Prop_ibuf_I_O)         1.441     1.441 f  rst_IBUF_inst/O
                         net (fo=28, routed)          1.848     3.290    design_1_i/div_50_50_0/U0/rst
    SLICE_X0Y2           FDCE                                         f  design_1_i/div_50_50_0/U0/cont_reg[3]/CLR
  -------------------------------------------------------------------    -------------------

                         (clock sys_clk_pin rise edge)
                                                      0.000     0.000 r  <hidden>
    W5                                                0.000     0.000 r  clk
                         net (fo=0)                   0.000     0.000    clk
    W5                   IBUF (Prop_ibuf_I_O)         1.388     1.388 r  clk_IBUF_inst/O
                         net (fo=28, routed)          2.273     3.661    design_1_i/div_50_50_0/U0/clk
    SLICE_X0Y2           FDCE                                         r  design_1_i/div_50_50_0/U0/cont_reg[3]/C

Slack:                    inf
  Source:                 rst
                            (input port)
  Destination:            design_1_i/div_50_50_0/U0/cont_reg[4]/CLR
                            (recovery check against rising-edge clock sys_clk_pin  {rise@0.000ns fall@5.000ns period=10.000ns})
  Path Group:             (none)
  Path Type:              Recovery (Max at Slow Process Corner)
  Data Path Delay:        3.149ns  (logic 1.441ns (45.772%)  route 1.708ns (54.228%))
  Logic Levels:           1  (IBUF=1)
  Clock Path Skew:        3.708ns (DCD - SCD + CPR)
    Destination Clock Delay (DCD):    3.708ns
    Source Clock Delay      (SCD):    0.000ns
    Clock Pessimism Removal (CPR):    0.000ns
  Clock Uncertainty:      0.025ns  ((TSJ^2 + TIJ^2)^1/2 + DJ) / 2 + PE
    Total System Jitter     (TSJ):    0.050ns
    Total Input Jitter      (TIJ):    0.000ns
    Discrete Jitter          (DJ):    0.000ns
    Phase Error              (PE):    0.000ns

    Location             Delay type                Incr(ns)  Path(ns)    Netlist Resource(s)
  -------------------------------------------------------------------    -------------------
    U18                                               0.000     0.000 f  rst
                         net (fo=0)                   0.000     0.000    rst
    U18                  IBUF (Prop_ibuf_I_O)         1.441     1.441 f  rst_IBUF_inst/O
                         net (fo=28, routed)          1.708     3.149    design_1_i/div_50_50_0/U0/rst
    SLICE_X0Y3           FDCE                                         f  design_1_i/div_50_50_0/U0/cont_reg[4]/CLR
  -------------------------------------------------------------------    -------------------

                         (clock sys_clk_pin rise edge)
                                                      0.000     0.000 r  <hidden>
    W5                                                0.000     0.000 r  clk
                         net (fo=0)                   0.000     0.000    clk
    W5                   IBUF (Prop_ibuf_I_O)         1.388     1.388 r  clk_IBUF_inst/O
                         net (fo=28, routed)          2.320     3.708    design_1_i/div_50_50_0/U0/clk
    SLICE_X0Y3           FDCE                                         r  design_1_i/div_50_50_0/U0/cont_reg[4]/C

Slack:                    inf
  Source:                 rst
                            (input port)
  Destination:            design_1_i/div_50_50_0/U0/cont_reg[5]/CLR
                            (recovery check against rising-edge clock sys_clk_pin  {rise@0.000ns fall@5.000ns period=10.000ns})
  Path Group:             (none)
  Path Type:              Recovery (Max at Slow Process Corner)
  Data Path Delay:        3.149ns  (logic 1.441ns (45.772%)  route 1.708ns (54.228%))
  Logic Levels:           1  (IBUF=1)
  Clock Path Skew:        3.708ns (DCD - SCD + CPR)
    Destination Clock Delay (DCD):    3.708ns
    Source Clock Delay      (SCD):    0.000ns
    Clock Pessimism Removal (CPR):    0.000ns
  Clock Uncertainty:      0.025ns  ((TSJ^2 + TIJ^2)^1/2 + DJ) / 2 + PE
    Total System Jitter     (TSJ):    0.050ns
    Total Input Jitter      (TIJ):    0.000ns
    Discrete Jitter          (DJ):    0.000ns
    Phase Error              (PE):    0.000ns

    Location             Delay type                Incr(ns)  Path(ns)    Netlist Resource(s)
  -------------------------------------------------------------------    -------------------
    U18                                               0.000     0.000 f  rst
                         net (fo=0)                   0.000     0.000    rst
    U18                  IBUF (Prop_ibuf_I_O)         1.441     1.441 f  rst_IBUF_inst/O
                         net (fo=28, routed)          1.708     3.149    design_1_i/div_50_50_0/U0/rst
    SLICE_X0Y3           FDCE                                         f  design_1_i/div_50_50_0/U0/cont_reg[5]/CLR
  -------------------------------------------------------------------    -------------------

                         (clock sys_clk_pin rise edge)
                                                      0.000     0.000 r  <hidden>
    W5                                                0.000     0.000 r  clk
                         net (fo=0)                   0.000     0.000    clk
    W5                   IBUF (Prop_ibuf_I_O)         1.388     1.388 r  clk_IBUF_inst/O
                         net (fo=28, routed)          2.320     3.708    design_1_i/div_50_50_0/U0/clk
    SLICE_X0Y3           FDCE                                         r  design_1_i/div_50_50_0/U0/cont_reg[5]/C

Slack:                    inf
  Source:                 rst
                            (input port)
  Destination:            design_1_i/div_50_50_0/U0/cont_reg[6]/CLR
                            (recovery check against rising-edge clock sys_clk_pin  {rise@0.000ns fall@5.000ns period=10.000ns})
  Path Group:             (none)
  Path Type:              Recovery (Max at Slow Process Corner)
  Data Path Delay:        3.149ns  (logic 1.441ns (45.772%)  route 1.708ns (54.228%))
  Logic Levels:           1  (IBUF=1)
  Clock Path Skew:        3.708ns (DCD - SCD + CPR)
    Destination Clock Delay (DCD):    3.708ns
    Source Clock Delay      (SCD):    0.000ns
    Clock Pessimism Removal (CPR):    0.000ns
  Clock Uncertainty:      0.025ns  ((TSJ^2 + TIJ^2)^1/2 + DJ) / 2 + PE
    Total System Jitter     (TSJ):    0.050ns
    Total Input Jitter      (TIJ):    0.000ns
    Discrete Jitter          (DJ):    0.000ns
    Phase Error              (PE):    0.000ns

    Location             Delay type                Incr(ns)  Path(ns)    Netlist Resource(s)
  -------------------------------------------------------------------    -------------------
    U18                                               0.000     0.000 f  rst
                         net (fo=0)                   0.000     0.000    rst
    U18                  IBUF (Prop_ibuf_I_O)         1.441     1.441 f  rst_IBUF_inst/O
                         net (fo=28, routed)          1.708     3.149    design_1_i/div_50_50_0/U0/rst
    SLICE_X0Y3           FDCE                                         f  design_1_i/div_50_50_0/U0/cont_reg[6]/CLR
  -------------------------------------------------------------------    -------------------

                         (clock sys_clk_pin rise edge)
                                                      0.000     0.000 r  <hidden>
    W5                                                0.000     0.000 r  clk
                         net (fo=0)                   0.000     0.000    clk
    W5                   IBUF (Prop_ibuf_I_O)         1.388     1.388 r  clk_IBUF_inst/O
                         net (fo=28, routed)          2.320     3.708    design_1_i/div_50_50_0/U0/clk
    SLICE_X0Y3           FDCE                                         r  design_1_i/div_50_50_0/U0/cont_reg[6]/C

Slack:                    inf
  Source:                 rst
                            (input port)
  Destination:            design_1_i/div_50_50_0/U0/cont_reg[7]/CLR
                            (recovery check against rising-edge clock sys_clk_pin  {rise@0.000ns fall@5.000ns period=10.000ns})
  Path Group:             (none)
  Path Type:              Recovery (Max at Slow Process Corner)
  Data Path Delay:        3.149ns  (logic 1.441ns (45.772%)  route 1.708ns (54.228%))
  Logic Levels:           1  (IBUF=1)
  Clock Path Skew:        3.708ns (DCD - SCD + CPR)
    Destination Clock Delay (DCD):    3.708ns
    Source Clock Delay      (SCD):    0.000ns
    Clock Pessimism Removal (CPR):    0.000ns
  Clock Uncertainty:      0.025ns  ((TSJ^2 + TIJ^2)^1/2 + DJ) / 2 + PE
    Total System Jitter     (TSJ):    0.050ns
    Total Input Jitter      (TIJ):    0.000ns
    Discrete Jitter          (DJ):    0.000ns
    Phase Error              (PE):    0.000ns

    Location             Delay type                Incr(ns)  Path(ns)    Netlist Resource(s)
  -------------------------------------------------------------------    -------------------
    U18                                               0.000     0.000 f  rst
                         net (fo=0)                   0.000     0.000    rst
    U18                  IBUF (Prop_ibuf_I_O)         1.441     1.441 f  rst_IBUF_inst/O
                         net (fo=28, routed)          1.708     3.149    design_1_i/div_50_50_0/U0/rst
    SLICE_X0Y3           FDCE                                         f  design_1_i/div_50_50_0/U0/cont_reg[7]/CLR
  -------------------------------------------------------------------    -------------------

                         (clock sys_clk_pin rise edge)
                                                      0.000     0.000 r  <hidden>
    W5                                                0.000     0.000 r  clk
                         net (fo=0)                   0.000     0.000    clk
    W5                   IBUF (Prop_ibuf_I_O)         1.388     1.388 r  clk_IBUF_inst/O
                         net (fo=28, routed)          2.320     3.708    design_1_i/div_50_50_0/U0/clk
    SLICE_X0Y3           FDCE                                         r  design_1_i/div_50_50_0/U0/cont_reg[7]/C

Slack:                    inf
  Source:                 rst
                            (input port)
  Destination:            design_1_i/div_50_50_0/U0/cont_reg[10]/CLR
                            (recovery check against rising-edge clock sys_clk_pin  {rise@0.000ns fall@5.000ns period=10.000ns})
  Path Group:             (none)
  Path Type:              Recovery (Max at Slow Process Corner)
  Data Path Delay:        3.009ns  (logic 1.441ns (47.904%)  route 1.567ns (52.096%))
  Logic Levels:           1  (IBUF=1)
  Clock Path Skew:        3.678ns (DCD - SCD + CPR)
    Destination Clock Delay (DCD):    3.678ns
    Source Clock Delay      (SCD):    0.000ns
    Clock Pessimism Removal (CPR):    0.000ns
  Clock Uncertainty:      0.025ns  ((TSJ^2 + TIJ^2)^1/2 + DJ) / 2 + PE
    Total System Jitter     (TSJ):    0.050ns
    Total Input Jitter      (TIJ):    0.000ns
    Discrete Jitter          (DJ):    0.000ns
    Phase Error              (PE):    0.000ns

    Location             Delay type                Incr(ns)  Path(ns)    Netlist Resource(s)
  -------------------------------------------------------------------    -------------------
    U18                                               0.000     0.000 f  rst
                         net (fo=0)                   0.000     0.000    rst
    U18                  IBUF (Prop_ibuf_I_O)         1.441     1.441 f  rst_IBUF_inst/O
                         net (fo=28, routed)          1.567     3.009    design_1_i/div_50_50_0/U0/rst
    SLICE_X0Y4           FDCE                                         f  design_1_i/div_50_50_0/U0/cont_reg[10]/CLR
  -------------------------------------------------------------------    -------------------

                         (clock sys_clk_pin rise edge)
                                                      0.000     0.000 r  <hidden>
    W5                                                0.000     0.000 r  clk
                         net (fo=0)                   0.000     0.000    clk
    W5                   IBUF (Prop_ibuf_I_O)         1.388     1.388 r  clk_IBUF_inst/O
                         net (fo=28, routed)          2.290     3.678    design_1_i/div_50_50_0/U0/clk
    SLICE_X0Y4           FDCE                                         r  design_1_i/div_50_50_0/U0/cont_reg[10]/C

Slack:                    inf
  Source:                 rst
                            (input port)
  Destination:            design_1_i/div_50_50_0/U0/cont_reg[11]/CLR
                            (recovery check against rising-edge clock sys_clk_pin  {rise@0.000ns fall@5.000ns period=10.000ns})
  Path Group:             (none)
  Path Type:              Recovery (Max at Slow Process Corner)
  Data Path Delay:        3.009ns  (logic 1.441ns (47.904%)  route 1.567ns (52.096%))
  Logic Levels:           1  (IBUF=1)
  Clock Path Skew:        3.678ns (DCD - SCD + CPR)
    Destination Clock Delay (DCD):    3.678ns
    Source Clock Delay      (SCD):    0.000ns
    Clock Pessimism Removal (CPR):    0.000ns
  Clock Uncertainty:      0.025ns  ((TSJ^2 + TIJ^2)^1/2 + DJ) / 2 + PE
    Total System Jitter     (TSJ):    0.050ns
    Total Input Jitter      (TIJ):    0.000ns
    Discrete Jitter          (DJ):    0.000ns
    Phase Error              (PE):    0.000ns

    Location             Delay type                Incr(ns)  Path(ns)    Netlist Resource(s)
  -------------------------------------------------------------------    -------------------
    U18                                               0.000     0.000 f  rst
                         net (fo=0)                   0.000     0.000    rst
    U18                  IBUF (Prop_ibuf_I_O)         1.441     1.441 f  rst_IBUF_inst/O
                         net (fo=28, routed)          1.567     3.009    design_1_i/div_50_50_0/U0/rst
    SLICE_X0Y4           FDCE                                         f  design_1_i/div_50_50_0/U0/cont_reg[11]/CLR
  -------------------------------------------------------------------    -------------------

                         (clock sys_clk_pin rise edge)
                                                      0.000     0.000 r  <hidden>
    W5                                                0.000     0.000 r  clk
                         net (fo=0)                   0.000     0.000    clk
    W5                   IBUF (Prop_ibuf_I_O)         1.388     1.388 r  clk_IBUF_inst/O
                         net (fo=28, routed)          2.290     3.678    design_1_i/div_50_50_0/U0/clk
    SLICE_X0Y4           FDCE                                         r  design_1_i/div_50_50_0/U0/cont_reg[11]/C





Min Delay Paths
--------------------------------------------------------------------------------------
Slack:                    inf
  Source:                 rst
                            (input port)
  Destination:            design_1_i/div_50_50_0/U0/cont_reg[16]/CLR
                            (removal check against rising-edge clock sys_clk_pin  {rise@0.000ns fall@5.000ns period=10.000ns})
  Path Group:             (none)
  Path Type:              Removal (Min at Fast Process Corner)
  Data Path Delay:        0.723ns  (logic 0.210ns (28.981%)  route 0.513ns (71.019%))
  Logic Levels:           1  (IBUF=1)
  Clock Path Skew:        1.756ns (DCD - SCD - CPR)
    Destination Clock Delay (DCD):    1.756ns
    Source Clock Delay      (SCD):    0.000ns
    Clock Pessimism Removal (CPR):    -0.000ns

    Location             Delay type                Incr(ns)  Path(ns)    Netlist Resource(s)
  -------------------------------------------------------------------    -------------------
    U18                                               0.000     0.000 f  rst
                         net (fo=0)                   0.000     0.000    rst
    U18                  IBUF (Prop_ibuf_I_O)         0.210     0.210 f  rst_IBUF_inst/O
                         net (fo=28, routed)          0.513     0.723    design_1_i/div_50_50_0/U0/rst
    SLICE_X0Y6           FDCE                                         f  design_1_i/div_50_50_0/U0/cont_reg[16]/CLR
  -------------------------------------------------------------------    -------------------

                         (clock sys_clk_pin rise edge)
                                                      0.000     0.000 r  <hidden>
    W5                                                0.000     0.000 r  clk
                         net (fo=0)                   0.000     0.000    clk
    W5                   IBUF (Prop_ibuf_I_O)         0.414     0.414 r  clk_IBUF_inst/O
                         net (fo=28, routed)          1.342     1.756    design_1_i/div_50_50_0/U0/clk
    SLICE_X0Y6           FDCE                                         r  design_1_i/div_50_50_0/U0/cont_reg[16]/C

Slack:                    inf
  Source:                 rst
                            (input port)
  Destination:            design_1_i/div_50_50_0/U0/cont_reg[17]/CLR
                            (removal check against rising-edge clock sys_clk_pin  {rise@0.000ns fall@5.000ns period=10.000ns})
  Path Group:             (none)
  Path Type:              Removal (Min at Fast Process Corner)
  Data Path Delay:        0.723ns  (logic 0.210ns (28.981%)  route 0.513ns (71.019%))
  Logic Levels:           1  (IBUF=1)
  Clock Path Skew:        1.756ns (DCD - SCD - CPR)
    Destination Clock Delay (DCD):    1.756ns
    Source Clock Delay      (SCD):    0.000ns
    Clock Pessimism Removal (CPR):    -0.000ns

    Location             Delay type                Incr(ns)  Path(ns)    Netlist Resource(s)
  -------------------------------------------------------------------    -------------------
    U18                                               0.000     0.000 f  rst
                         net (fo=0)                   0.000     0.000    rst
    U18                  IBUF (Prop_ibuf_I_O)         0.210     0.210 f  rst_IBUF_inst/O
                         net (fo=28, routed)          0.513     0.723    design_1_i/div_50_50_0/U0/rst
    SLICE_X0Y6           FDCE                                         f  design_1_i/div_50_50_0/U0/cont_reg[17]/CLR
  -------------------------------------------------------------------    -------------------

                         (clock sys_clk_pin rise edge)
                                                      0.000     0.000 r  <hidden>
    W5                                                0.000     0.000 r  clk
                         net (fo=0)                   0.000     0.000    clk
    W5                   IBUF (Prop_ibuf_I_O)         0.414     0.414 r  clk_IBUF_inst/O
                         net (fo=28, routed)          1.342     1.756    design_1_i/div_50_50_0/U0/clk
    SLICE_X0Y6           FDCE                                         r  design_1_i/div_50_50_0/U0/cont_reg[17]/C

Slack:                    inf
  Source:                 rst
                            (input port)
  Destination:            design_1_i/div_50_50_0/U0/cont_reg[18]/CLR
                            (removal check against rising-edge clock sys_clk_pin  {rise@0.000ns fall@5.000ns period=10.000ns})
  Path Group:             (none)
  Path Type:              Removal (Min at Fast Process Corner)
  Data Path Delay:        0.723ns  (logic 0.210ns (28.981%)  route 0.513ns (71.019%))
  Logic Levels:           1  (IBUF=1)
  Clock Path Skew:        1.756ns (DCD - SCD - CPR)
    Destination Clock Delay (DCD):    1.756ns
    Source Clock Delay      (SCD):    0.000ns
    Clock Pessimism Removal (CPR):    -0.000ns

    Location             Delay type                Incr(ns)  Path(ns)    Netlist Resource(s)
  -------------------------------------------------------------------    -------------------
    U18                                               0.000     0.000 f  rst
                         net (fo=0)                   0.000     0.000    rst
    U18                  IBUF (Prop_ibuf_I_O)         0.210     0.210 f  rst_IBUF_inst/O
                         net (fo=28, routed)          0.513     0.723    design_1_i/div_50_50_0/U0/rst
    SLICE_X0Y6           FDCE                                         f  design_1_i/div_50_50_0/U0/cont_reg[18]/CLR
  -------------------------------------------------------------------    -------------------

                         (clock sys_clk_pin rise edge)
                                                      0.000     0.000 r  <hidden>
    W5                                                0.000     0.000 r  clk
                         net (fo=0)                   0.000     0.000    clk
    W5                   IBUF (Prop_ibuf_I_O)         0.414     0.414 r  clk_IBUF_inst/O
                         net (fo=28, routed)          1.342     1.756    design_1_i/div_50_50_0/U0/clk
    SLICE_X0Y6           FDCE                                         r  design_1_i/div_50_50_0/U0/cont_reg[18]/C

Slack:                    inf
  Source:                 rst
                            (input port)
  Destination:            design_1_i/div_50_50_0/U0/cont_reg[19]/CLR
                            (removal check against rising-edge clock sys_clk_pin  {rise@0.000ns fall@5.000ns period=10.000ns})
  Path Group:             (none)
  Path Type:              Removal (Min at Fast Process Corner)
  Data Path Delay:        0.723ns  (logic 0.210ns (28.981%)  route 0.513ns (71.019%))
  Logic Levels:           1  (IBUF=1)
  Clock Path Skew:        1.756ns (DCD - SCD - CPR)
    Destination Clock Delay (DCD):    1.756ns
    Source Clock Delay      (SCD):    0.000ns
    Clock Pessimism Removal (CPR):    -0.000ns

    Location             Delay type                Incr(ns)  Path(ns)    Netlist Resource(s)
  -------------------------------------------------------------------    -------------------
    U18                                               0.000     0.000 f  rst
                         net (fo=0)                   0.000     0.000    rst
    U18                  IBUF (Prop_ibuf_I_O)         0.210     0.210 f  rst_IBUF_inst/O
                         net (fo=28, routed)          0.513     0.723    design_1_i/div_50_50_0/U0/rst
    SLICE_X0Y6           FDCE                                         f  design_1_i/div_50_50_0/U0/cont_reg[19]/CLR
  -------------------------------------------------------------------    -------------------

                         (clock sys_clk_pin rise edge)
                                                      0.000     0.000 r  <hidden>
    W5                                                0.000     0.000 r  clk
                         net (fo=0)                   0.000     0.000    clk
    W5                   IBUF (Prop_ibuf_I_O)         0.414     0.414 r  clk_IBUF_inst/O
                         net (fo=28, routed)          1.342     1.756    design_1_i/div_50_50_0/U0/clk
    SLICE_X0Y6           FDCE                                         r  design_1_i/div_50_50_0/U0/cont_reg[19]/C

Slack:                    inf
  Source:                 rst
                            (input port)
  Destination:            design_1_i/div_50_50_0/U0/cont_reg[12]/CLR
                            (removal check against rising-edge clock sys_clk_pin  {rise@0.000ns fall@5.000ns period=10.000ns})
  Path Group:             (none)
  Path Type:              Removal (Min at Fast Process Corner)
  Data Path Delay:        0.773ns  (logic 0.210ns (27.119%)  route 0.563ns (72.881%))
  Logic Levels:           1  (IBUF=1)
  Clock Path Skew:        1.830ns (DCD - SCD - CPR)
    Destination Clock Delay (DCD):    1.830ns
    Source Clock Delay      (SCD):    0.000ns
    Clock Pessimism Removal (CPR):    -0.000ns

    Location             Delay type                Incr(ns)  Path(ns)    Netlist Resource(s)
  -------------------------------------------------------------------    -------------------
    U18                                               0.000     0.000 f  rst
                         net (fo=0)                   0.000     0.000    rst
    U18                  IBUF (Prop_ibuf_I_O)         0.210     0.210 f  rst_IBUF_inst/O
                         net (fo=28, routed)          0.563     0.773    design_1_i/div_50_50_0/U0/rst
    SLICE_X0Y5           FDCE                                         f  design_1_i/div_50_50_0/U0/cont_reg[12]/CLR
  -------------------------------------------------------------------    -------------------

                         (clock sys_clk_pin rise edge)
                                                      0.000     0.000 r  <hidden>
    W5                                                0.000     0.000 r  clk
                         net (fo=0)                   0.000     0.000    clk
    W5                   IBUF (Prop_ibuf_I_O)         0.414     0.414 r  clk_IBUF_inst/O
                         net (fo=28, routed)          1.416     1.830    design_1_i/div_50_50_0/U0/clk
    SLICE_X0Y5           FDCE                                         r  design_1_i/div_50_50_0/U0/cont_reg[12]/C

Slack:                    inf
  Source:                 rst
                            (input port)
  Destination:            design_1_i/div_50_50_0/U0/cont_reg[13]/CLR
                            (removal check against rising-edge clock sys_clk_pin  {rise@0.000ns fall@5.000ns period=10.000ns})
  Path Group:             (none)
  Path Type:              Removal (Min at Fast Process Corner)
  Data Path Delay:        0.773ns  (logic 0.210ns (27.119%)  route 0.563ns (72.881%))
  Logic Levels:           1  (IBUF=1)
  Clock Path Skew:        1.830ns (DCD - SCD - CPR)
    Destination Clock Delay (DCD):    1.830ns
    Source Clock Delay      (SCD):    0.000ns
    Clock Pessimism Removal (CPR):    -0.000ns

    Location             Delay type                Incr(ns)  Path(ns)    Netlist Resource(s)
  -------------------------------------------------------------------    -------------------
    U18                                               0.000     0.000 f  rst
                         net (fo=0)                   0.000     0.000    rst
    U18                  IBUF (Prop_ibuf_I_O)         0.210     0.210 f  rst_IBUF_inst/O
                         net (fo=28, routed)          0.563     0.773    design_1_i/div_50_50_0/U0/rst
    SLICE_X0Y5           FDCE                                         f  design_1_i/div_50_50_0/U0/cont_reg[13]/CLR
  -------------------------------------------------------------------    -------------------

                         (clock sys_clk_pin rise edge)
                                                      0.000     0.000 r  <hidden>
    W5                                                0.000     0.000 r  clk
                         net (fo=0)                   0.000     0.000    clk
    W5                   IBUF (Prop_ibuf_I_O)         0.414     0.414 r  clk_IBUF_inst/O
                         net (fo=28, routed)          1.416     1.830    design_1_i/div_50_50_0/U0/clk
    SLICE_X0Y5           FDCE                                         r  design_1_i/div_50_50_0/U0/cont_reg[13]/C

Slack:                    inf
  Source:                 rst
                            (input port)
  Destination:            design_1_i/div_50_50_0/U0/cont_reg[14]/CLR
                            (removal check against rising-edge clock sys_clk_pin  {rise@0.000ns fall@5.000ns period=10.000ns})
  Path Group:             (none)
  Path Type:              Removal (Min at Fast Process Corner)
  Data Path Delay:        0.773ns  (logic 0.210ns (27.119%)  route 0.563ns (72.881%))
  Logic Levels:           1  (IBUF=1)
  Clock Path Skew:        1.830ns (DCD - SCD - CPR)
    Destination Clock Delay (DCD):    1.830ns
    Source Clock Delay      (SCD):    0.000ns
    Clock Pessimism Removal (CPR):    -0.000ns

    Location             Delay type                Incr(ns)  Path(ns)    Netlist Resource(s)
  -------------------------------------------------------------------    -------------------
    U18                                               0.000     0.000 f  rst
                         net (fo=0)                   0.000     0.000    rst
    U18                  IBUF (Prop_ibuf_I_O)         0.210     0.210 f  rst_IBUF_inst/O
                         net (fo=28, routed)          0.563     0.773    design_1_i/div_50_50_0/U0/rst
    SLICE_X0Y5           FDCE                                         f  design_1_i/div_50_50_0/U0/cont_reg[14]/CLR
  -------------------------------------------------------------------    -------------------

                         (clock sys_clk_pin rise edge)
                                                      0.000     0.000 r  <hidden>
    W5                                                0.000     0.000 r  clk
                         net (fo=0)                   0.000     0.000    clk
    W5                   IBUF (Prop_ibuf_I_O)         0.414     0.414 r  clk_IBUF_inst/O
                         net (fo=28, routed)          1.416     1.830    design_1_i/div_50_50_0/U0/clk
    SLICE_X0Y5           FDCE                                         r  design_1_i/div_50_50_0/U0/cont_reg[14]/C

Slack:                    inf
  Source:                 rst
                            (input port)
  Destination:            design_1_i/div_50_50_0/U0/cont_reg[15]/CLR
                            (removal check against rising-edge clock sys_clk_pin  {rise@0.000ns fall@5.000ns period=10.000ns})
  Path Group:             (none)
  Path Type:              Removal (Min at Fast Process Corner)
  Data Path Delay:        0.773ns  (logic 0.210ns (27.119%)  route 0.563ns (72.881%))
  Logic Levels:           1  (IBUF=1)
  Clock Path Skew:        1.830ns (DCD - SCD - CPR)
    Destination Clock Delay (DCD):    1.830ns
    Source Clock Delay      (SCD):    0.000ns
    Clock Pessimism Removal (CPR):    -0.000ns

    Location             Delay type                Incr(ns)  Path(ns)    Netlist Resource(s)
  -------------------------------------------------------------------    -------------------
    U18                                               0.000     0.000 f  rst
                         net (fo=0)                   0.000     0.000    rst
    U18                  IBUF (Prop_ibuf_I_O)         0.210     0.210 f  rst_IBUF_inst/O
                         net (fo=28, routed)          0.563     0.773    design_1_i/div_50_50_0/U0/rst
    SLICE_X0Y5           FDCE                                         f  design_1_i/div_50_50_0/U0/cont_reg[15]/CLR
  -------------------------------------------------------------------    -------------------

                         (clock sys_clk_pin rise edge)
                                                      0.000     0.000 r  <hidden>
    W5                                                0.000     0.000 r  clk
                         net (fo=0)                   0.000     0.000    clk
    W5                   IBUF (Prop_ibuf_I_O)         0.414     0.414 r  clk_IBUF_inst/O
                         net (fo=28, routed)          1.416     1.830    design_1_i/div_50_50_0/U0/clk
    SLICE_X0Y5           FDCE                                         r  design_1_i/div_50_50_0/U0/cont_reg[15]/C

Slack:                    inf
  Source:                 rst
                            (input port)
  Destination:            design_1_i/div_50_50_0/U0/cont_reg[20]/CLR
                            (removal check against rising-edge clock sys_clk_pin  {rise@0.000ns fall@5.000ns period=10.000ns})
  Path Group:             (none)
  Path Type:              Removal (Min at Fast Process Corner)
  Data Path Delay:        0.786ns  (logic 0.210ns (26.648%)  route 0.577ns (73.352%))
  Logic Levels:           1  (IBUF=1)
  Clock Path Skew:        1.761ns (DCD - SCD - CPR)
    Destination Clock Delay (DCD):    1.761ns
    Source Clock Delay      (SCD):    0.000ns
    Clock Pessimism Removal (CPR):    -0.000ns

    Location             Delay type                Incr(ns)  Path(ns)    Netlist Resource(s)
  -------------------------------------------------------------------    -------------------
    U18                                               0.000     0.000 f  rst
                         net (fo=0)                   0.000     0.000    rst
    U18                  IBUF (Prop_ibuf_I_O)         0.210     0.210 f  rst_IBUF_inst/O
                         net (fo=28, routed)          0.577     0.786    design_1_i/div_50_50_0/U0/rst
    SLICE_X0Y7           FDCE                                         f  design_1_i/div_50_50_0/U0/cont_reg[20]/CLR
  -------------------------------------------------------------------    -------------------

                         (clock sys_clk_pin rise edge)
                                                      0.000     0.000 r  <hidden>
    W5                                                0.000     0.000 r  clk
                         net (fo=0)                   0.000     0.000    clk
    W5                   IBUF (Prop_ibuf_I_O)         0.414     0.414 r  clk_IBUF_inst/O
                         net (fo=28, routed)          1.346     1.761    design_1_i/div_50_50_0/U0/clk
    SLICE_X0Y7           FDCE                                         r  design_1_i/div_50_50_0/U0/cont_reg[20]/C

Slack:                    inf
  Source:                 rst
                            (input port)
  Destination:            design_1_i/div_50_50_0/U0/cont_reg[21]/CLR
                            (removal check against rising-edge clock sys_clk_pin  {rise@0.000ns fall@5.000ns period=10.000ns})
  Path Group:             (none)
  Path Type:              Removal (Min at Fast Process Corner)
  Data Path Delay:        0.786ns  (logic 0.210ns (26.648%)  route 0.577ns (73.352%))
  Logic Levels:           1  (IBUF=1)
  Clock Path Skew:        1.761ns (DCD - SCD - CPR)
    Destination Clock Delay (DCD):    1.761ns
    Source Clock Delay      (SCD):    0.000ns
    Clock Pessimism Removal (CPR):    -0.000ns

    Location             Delay type                Incr(ns)  Path(ns)    Netlist Resource(s)
  -------------------------------------------------------------------    -------------------
    U18                                               0.000     0.000 f  rst
                         net (fo=0)                   0.000     0.000    rst
    U18                  IBUF (Prop_ibuf_I_O)         0.210     0.210 f  rst_IBUF_inst/O
                         net (fo=28, routed)          0.577     0.786    design_1_i/div_50_50_0/U0/rst
    SLICE_X0Y7           FDCE                                         f  design_1_i/div_50_50_0/U0/cont_reg[21]/CLR
  -------------------------------------------------------------------    -------------------

                         (clock sys_clk_pin rise edge)
                                                      0.000     0.000 r  <hidden>
    W5                                                0.000     0.000 r  clk
                         net (fo=0)                   0.000     0.000    clk
    W5                   IBUF (Prop_ibuf_I_O)         0.414     0.414 r  clk_IBUF_inst/O
                         net (fo=28, routed)          1.346     1.761    design_1_i/div_50_50_0/U0/clk
    SLICE_X0Y7           FDCE                                         r  design_1_i/div_50_50_0/U0/cont_reg[21]/C





