$date
  Fri Sep 25 23:51:13 2026
$end
$version
  GHDL v0
$end
$timescale
  1 fs
$end
$scope module standard $end
$upscope $end
$scope module std_logic_1164 $end
$upscope $end
$scope module numeric_std $end
$upscope $end
$scope module tb_circuito $end
$var reg 9 ! ent[8:0] $end
$var reg 2 " s[1:0] $end
$var reg 1 # sal_est $end
$var reg 1 $ sal_sim $end
$scope module uut_est $end
$var reg 9 % ent[8:0] $end
$var reg 2 & s[1:0] $end
$var reg 1 ' sal $end
$var reg 1 ( c0 $end
$var reg 1 ) c1 $end
$var reg 1 * c2 $end
$var reg 1 + c3 $end
$var reg 1 , n0 $end
$var reg 1 - nor234 $end
$var reg 1 . a56 $end
$var reg 1 / a78 $end
$var reg 1 0 a567 $end
$upscope $end
$scope module uut_sim $end
$var reg 9 1 ent[8:0] $end
$var reg 2 2 s[1:0] $end
$var reg 1 3 sal $end
$upscope $end
$upscope $end
$enddefinitions $end
#0
b000000000 !
b00 "
1#
1$
b000000000 %
b00 &
1'
1(
1)
0*
0+
1,
1-
0.
0/
00
b000000000 1
b00 2
13
#1000000
b000000001 !
0#
0$
b000000001 %
0'
0(
0,
b000000001 1
03
#2000000
b000000010 !
1#
1$
b000000010 %
1'
1(
1,
b000000010 1
13
#3000000
b000000011 !
b000000011 %
0,
b000000011 1
#4000000
b000000100 !
1#
b000000100 %
1'
1(
1,
0-
b000000100 1
#5000000
b000000101 !
0#
0$
b000000101 %
0'
0(
0,
b000000101 1
03
#6000000
b000000110 !
1#
1$
b000000110 %
1'
1(
1,
b000000110 1
13
#7000000
b000000111 !
b000000111 %
0,
b000000111 1
#8000000
b000001000 !
1#
b000001000 %
1'
1(
1,
b000001000 1
#9000000
b000001001 !
0#
0$
b000001001 %
0'
0(
0,
b000001001 1
03
#10000000
b000001010 !
1#
1$
b000001010 %
1'
1(
1,
b000001010 1
13
#11000000
b000001011 !
b000001011 %
0,
b000001011 1
#12000000
b000001100 !
1#
b000001100 %
1'
1(
1,
b000001100 1
#13000000
b000001101 !
0#
0$
b000001101 %
0'
0(
0,
b000001101 1
03
#14000000
b000001110 !
1#
1$
b000001110 %
1'
1(
1,
b000001110 1
13
#15000000
b000001111 !
b000001111 %
0,
b000001111 1
#16000000
b000010000 !
1#
b000010000 %
1'
1(
1,
b000010000 1
#17000000
b000010001 !
0#
0$
b000010001 %
0'
0(
0,
b000010001 1
03
#18000000
b000010010 !
1#
1$
b000010010 %
1'
1(
1,
b000010010 1
13
#19000000
b000010011 !
b000010011 %
0,
b000010011 1
#20000000
b000010100 !
1#
b000010100 %
1'
1(
1,
b000010100 1
#21000000
b000010101 !
0#
0$
b000010101 %
0'
0(
0,
b000010101 1
03
#22000000
b000010110 !
1#
1$
b000010110 %
1'
1(
1,
b000010110 1
13
#23000000
b000010111 !
b000010111 %
0,
b000010111 1
#24000000
b000011000 !
1#
b000011000 %
1'
1(
1,
b000011000 1
#25000000
b000011001 !
0#
0$
b000011001 %
0'
0(
0,
b000011001 1
03
#26000000
b000011010 !
1#
1$
b000011010 %
1'
1(
1,
b000011010 1
13
#27000000
b000011011 !
b000011011 %
0,
b000011011 1
#28000000
b000011100 !
1#
b000011100 %
1'
1(
1,
b000011100 1
#29000000
b000011101 !
0#
0$
b000011101 %
0'
0(
0,
b000011101 1
03
#30000000
b000011110 !
1#
1$
b000011110 %
1'
1(
1,
b000011110 1
13
#31000000
b000011111 !
b000011111 %
0,
b000011111 1
#32000000
b000100000 !
1#
b000100000 %
1'
1(
0)
1,
1-
b000100000 1
#33000000
b000100001 !
0#
0$
b000100001 %
0'
0(
0,
b000100001 1
03
#34000000
b000100010 !
1#
1$
b000100010 %
1'
1(
1,
b000100010 1
13
#35000000
b000100011 !
b000100011 %
0,
b000100011 1
#36000000
b000100100 !
1#
b000100100 %
1'
1(
1)
1,
0-
b000100100 1
#37000000
b000100101 !
0#
0$
b000100101 %
0'
0(
0,
b000100101 1
03
#38000000
b000100110 !
1#
1$
b000100110 %
1'
1(
1,
b000100110 1
13
#39000000
b000100111 !
b000100111 %
0,
b000100111 1
#40000000
b000101000 !
1#
b000101000 %
1'
1(
1,
b000101000 1
#41000000
b000101001 !
0#
0$
b000101001 %
0'
0(
0,
b000101001 1
03
#42000000
b000101010 !
1#
1$
b000101010 %
1'
1(
1,
b000101010 1
13
#43000000
b000101011 !
b000101011 %
0,
b000101011 1
#44000000
b000101100 !
1#
b000101100 %
1'
1(
1,
b000101100 1
#45000000
b000101101 !
0#
0$
b000101101 %
0'
0(
0,
b000101101 1
03
#46000000
b000101110 !
1#
1$
b000101110 %
1'
1(
1,
b000101110 1
13
#47000000
b000101111 !
b000101111 %
0,
b000101111 1
#48000000
b000110000 !
1#
b000110000 %
1'
1(
1,
b000110000 1
#49000000
b000110001 !
0#
0$
b000110001 %
0'
0(
0,
b000110001 1
03
#50000000
b000110010 !
1#
1$
b000110010 %
1'
1(
1,
b000110010 1
13
#51000000
b000110011 !
b000110011 %
0,
b000110011 1
#52000000
b000110100 !
1#
b000110100 %
1'
1(
1,
b000110100 1
#53000000
b000110101 !
0#
0$
b000110101 %
0'
0(
0,
b000110101 1
03
#54000000
b000110110 !
1#
1$
b000110110 %
1'
1(
1,
b000110110 1
13
#55000000
b000110111 !
b000110111 %
0,
b000110111 1
#56000000
b000111000 !
1#
b000111000 %
1'
1(
1,
b000111000 1
#57000000
b000111001 !
0#
0$
b000111001 %
0'
0(
0,
b000111001 1
03
#58000000
b000111010 !
1#
1$
b000111010 %
1'
1(
1,
b000111010 1
13
#59000000
b000111011 !
b000111011 %
0,
b000111011 1
#60000000
b000111100 !
1#
b000111100 %
1'
1(
1,
b000111100 1
#61000000
b000111101 !
0#
0$
b000111101 %
0'
0(
0,
b000111101 1
03
#62000000
b000111110 !
1#
1$
b000111110 %
1'
1(
1,
b000111110 1
13
#63000000
b000111111 !
b000111111 %
0,
b000111111 1
#64000000
b001000000 !
1#
b001000000 %
1'
1(
1,
1-
b001000000 1
#65000000
b001000001 !
0#
0$
b001000001 %
0'
0(
0,
b001000001 1
03
#66000000
b001000010 !
1#
1$
b001000010 %
1'
1(
1,
b001000010 1
13
#67000000
b001000011 !
b001000011 %
0,
b001000011 1
#68000000
b001000100 !
1#
b001000100 %
1'
1(
1,
0-
b001000100 1
#69000000
b001000101 !
0#
0$
b001000101 %
0'
0(
0,
b001000101 1
03
#70000000
b001000110 !
1#
1$
b001000110 %
1'
1(
1,
b001000110 1
13
#71000000
b001000111 !
b001000111 %
0,
b001000111 1
#72000000
b001001000 !
1#
b001001000 %
1'
1(
1,
b001001000 1
#73000000
b001001001 !
0#
0$
b001001001 %
0'
0(
0,
b001001001 1
03
#74000000
b001001010 !
1#
1$
b001001010 %
1'
1(
1,
b001001010 1
13
#75000000
b001001011 !
b001001011 %
0,
b001001011 1
#76000000
b001001100 !
1#
b001001100 %
1'
1(
1,
b001001100 1
#77000000
b001001101 !
0#
0$
b001001101 %
0'
0(
0,
b001001101 1
03
#78000000
b001001110 !
1#
1$
b001001110 %
1'
1(
1,
b001001110 1
13
#79000000
b001001111 !
b001001111 %
0,
b001001111 1
#80000000
b001010000 !
1#
b001010000 %
1'
1(
1,
b001010000 1
#81000000
b001010001 !
0#
0$
b001010001 %
0'
0(
0,
b001010001 1
03
#82000000
b001010010 !
1#
1$
b001010010 %
1'
1(
1,
b001010010 1
13
#83000000
b001010011 !
b001010011 %
0,
b001010011 1
#84000000
b001010100 !
1#
b001010100 %
1'
1(
1,
b001010100 1
#85000000
b001010101 !
0#
0$
b001010101 %
0'
0(
0,
b001010101 1
03
#86000000
b001010110 !
1#
1$
b001010110 %
1'
1(
1,
b001010110 1
13
#87000000
b001010111 !
b001010111 %
0,
b001010111 1
#88000000
b001011000 !
1#
b001011000 %
1'
1(
1,
b001011000 1
#89000000
b001011001 !
0#
0$
b001011001 %
0'
0(
0,
b001011001 1
03
#90000000
b001011010 !
1#
1$
b001011010 %
1'
1(
1,
b001011010 1
13
#91000000
b001011011 !
b001011011 %
0,
b001011011 1
#92000000
b001011100 !
1#
b001011100 %
1'
1(
1,
b001011100 1
#93000000
b001011101 !
0#
0$
b001011101 %
0'
0(
0,
b001011101 1
03
#94000000
b001011110 !
1#
1$
b001011110 %
1'
1(
1,
b001011110 1
13
#95000000
b001011111 !
b001011111 %
0,
b001011111 1
#96000000
b001100000 !
1#
b001100000 %
1'
1(
0)
1*
1,
1-
1.
b001100000 1
#97000000
b001100001 !
0#
0$
b001100001 %
0'
0(
0,
b001100001 1
03
#98000000
b001100010 !
1#
1$
b001100010 %
1'
1(
1,
b001100010 1
13
#99000000
b001100011 !
b001100011 %
0,
b001100011 1
#100000000
b001100100 !
1#
b001100100 %
1'
1(
1)
1,
0-
b001100100 1
#101000000
b001100101 !
0#
0$
b001100101 %
0'
0(
0,
b001100101 1
03
#102000000
b001100110 !
1#
1$
b001100110 %
1'
1(
1,
b001100110 1
13
#103000000
b001100111 !
b001100111 %
0,
b001100111 1
#104000000
b001101000 !
1#
b001101000 %
1'
1(
1,
b001101000 1
#105000000
b001101001 !
0#
0$
b001101001 %
0'
0(
0,
b001101001 1
03
#106000000
b001101010 !
1#
1$
b001101010 %
1'
1(
1,
b001101010 1
13
#107000000
b001101011 !
b001101011 %
0,
b001101011 1
#108000000
b001101100 !
1#
b001101100 %
1'
1(
1,
b001101100 1
#109000000
b001101101 !
0#
0$
b001101101 %
0'
0(
0,
b001101101 1
03
#110000000
b001101110 !
1#
1$
b001101110 %
1'
1(
1,
b001101110 1
13
#111000000
b001101111 !
b001101111 %
0,
b001101111 1
#112000000
b001110000 !
1#
b001110000 %
1'
1(
1,
b001110000 1
#113000000
b001110001 !
0#
0$
b001110001 %
0'
0(
0,
b001110001 1
03
#114000000
b001110010 !
1#
1$
b001110010 %
1'
1(
1,
b001110010 1
13
#115000000
b001110011 !
b001110011 %
0,
b001110011 1
#116000000
b001110100 !
1#
b001110100 %
1'
1(
1,
b001110100 1
#117000000
b001110101 !
0#
0$
b001110101 %
0'
0(
0,
b001110101 1
03
#118000000
b001110110 !
1#
1$
b001110110 %
1'
1(
1,
b001110110 1
13
#119000000
b001110111 !
b001110111 %
0,
b001110111 1
#120000000
b001111000 !
1#
b001111000 %
1'
1(
1,
b001111000 1
#121000000
b001111001 !
0#
0$
b001111001 %
0'
0(
0,
b001111001 1
03
#122000000
b001111010 !
1#
1$
b001111010 %
1'
1(
1,
b001111010 1
13
#123000000
b001111011 !
b001111011 %
0,
b001111011 1
#124000000
b001111100 !
1#
b001111100 %
1'
1(
1,
b001111100 1
#125000000
b001111101 !
0#
0$
b001111101 %
0'
0(
0,
b001111101 1
03
#126000000
b001111110 !
1#
1$
b001111110 %
1'
1(
1,
b001111110 1
13
#127000000
b001111111 !
b001111111 %
0,
b001111111 1
#128000000
b010000000 !
1#
b010000000 %
1'
1(
0*
1,
1-
0.
b010000000 1
#129000000
b010000001 !
0#
0$
b010000001 %
0'
0(
0,
b010000001 1
03
#130000000
b010000010 !
1#
1$
b010000010 %
1'
1(
1,
b010000010 1
13
#131000000
b010000011 !
b010000011 %
0,
b010000011 1
#132000000
b010000100 !
1#
b010000100 %
1'
1(
1,
0-
b010000100 1
#133000000
b010000101 !
0#
0$
b010000101 %
0'
0(
0,
b010000101 1
03
#134000000
b010000110 !
1#
1$
b010000110 %
1'
1(
1,
b010000110 1
13
#135000000
b010000111 !
b010000111 %
0,
b010000111 1
#136000000
b010001000 !
1#
b010001000 %
1'
1(
1,
b010001000 1
#137000000
b010001001 !
0#
0$
b010001001 %
0'
0(
0,
b010001001 1
03
#138000000
b010001010 !
1#
1$
b010001010 %
1'
1(
1,
b010001010 1
13
#139000000
b010001011 !
b010001011 %
0,
b010001011 1
#140000000
b010001100 !
1#
b010001100 %
1'
1(
1,
b010001100 1
#141000000
b010001101 !
0#
0$
b010001101 %
0'
0(
0,
b010001101 1
03
#142000000
b010001110 !
1#
1$
b010001110 %
1'
1(
1,
b010001110 1
13
#143000000
b010001111 !
b010001111 %
0,
b010001111 1
#144000000
b010010000 !
1#
b010010000 %
1'
1(
1,
b010010000 1
#145000000
b010010001 !
0#
0$
b010010001 %
0'
0(
0,
b010010001 1
03
#146000000
b010010010 !
1#
1$
b010010010 %
1'
1(
1,
b010010010 1
13
#147000000
b010010011 !
b010010011 %
0,
b010010011 1
#148000000
b010010100 !
1#
b010010100 %
1'
1(
1,
b010010100 1
#149000000
b010010101 !
0#
0$
b010010101 %
0'
0(
0,
b010010101 1
03
#150000000
b010010110 !
1#
1$
b010010110 %
1'
1(
1,
b010010110 1
13
#151000000
b010010111 !
b010010111 %
0,
b010010111 1
#152000000
b010011000 !
1#
b010011000 %
1'
1(
1,
b010011000 1
#153000000
b010011001 !
0#
0$
b010011001 %
0'
0(
0,
b010011001 1
03
#154000000
b010011010 !
1#
1$
b010011010 %
1'
1(
1,
b010011010 1
13
#155000000
b010011011 !
b010011011 %
0,
b010011011 1
#156000000
b010011100 !
1#
b010011100 %
1'
1(
1,
b010011100 1
#157000000
b010011101 !
0#
0$
b010011101 %
0'
0(
0,
b010011101 1
03
#158000000
b010011110 !
1#
1$
b010011110 %
1'
1(
1,
b010011110 1
13
#159000000
b010011111 !
b010011111 %
0,
b010011111 1
#160000000
b010100000 !
1#
b010100000 %
1'
1(
0)
1,
1-
b010100000 1
#161000000
b010100001 !
0#
0$
b010100001 %
0'
0(
0,
b010100001 1
03
#162000000
b010100010 !
1#
1$
b010100010 %
1'
1(
1,
b010100010 1
13
#163000000
b010100011 !
b010100011 %
0,
b010100011 1
#164000000
b010100100 !
1#
b010100100 %
1'
1(
1)
1,
0-
b010100100 1
#165000000
b010100101 !
0#
0$
b010100101 %
0'
0(
0,
b010100101 1
03
#166000000
b010100110 !
1#
1$
b010100110 %
1'
1(
1,
b010100110 1
13
#167000000
b010100111 !
b010100111 %
0,
b010100111 1
#168000000
b010101000 !
1#
b010101000 %
1'
1(
1,
b010101000 1
#169000000
b010101001 !
0#
0$
b010101001 %
0'
0(
0,
b010101001 1
03
#170000000
b010101010 !
1#
1$
b010101010 %
1'
1(
1,
b010101010 1
13
#171000000
b010101011 !
b010101011 %
0,
b010101011 1
#172000000
b010101100 !
1#
b010101100 %
1'
1(
1,
b010101100 1
#173000000
b010101101 !
0#
0$
b010101101 %
0'
0(
0,
b010101101 1
03
#174000000
b010101110 !
1#
1$
b010101110 %
1'
1(
1,
b010101110 1
13
#175000000
b010101111 !
b010101111 %
0,
b010101111 1
#176000000
b010110000 !
1#
b010110000 %
1'
1(
1,
b010110000 1
#177000000
b010110001 !
0#
0$
b010110001 %
0'
0(
0,
b010110001 1
03
#178000000
b010110010 !
1#
1$
b010110010 %
1'
1(
1,
b010110010 1
13
#179000000
b010110011 !
b010110011 %
0,
b010110011 1
#180000000
b010110100 !
1#
b010110100 %
1'
1(
1,
b010110100 1
#181000000
b010110101 !
0#
0$
b010110101 %
0'
0(
0,
b010110101 1
03
#182000000
b010110110 !
1#
1$
b010110110 %
1'
1(
1,
b010110110 1
13
#183000000
b010110111 !
b010110111 %
0,
b010110111 1
#184000000
b010111000 !
1#
b010111000 %
1'
1(
1,
b010111000 1
#185000000
b010111001 !
0#
0$
b010111001 %
0'
0(
0,
b010111001 1
03
#186000000
b010111010 !
1#
1$
b010111010 %
1'
1(
1,
b010111010 1
13
#187000000
b010111011 !
b010111011 %
0,
b010111011 1
#188000000
b010111100 !
1#
b010111100 %
1'
1(
1,
b010111100 1
#189000000
b010111101 !
0#
0$
b010111101 %
0'
0(
0,
b010111101 1
03
#190000000
b010111110 !
1#
1$
b010111110 %
1'
1(
1,
b010111110 1
13
#191000000
b010111111 !
b010111111 %
0,
b010111111 1
#192000000
b011000000 !
1#
b011000000 %
1'
1(
1,
1-
b011000000 1
#193000000
b011000001 !
0#
0$
b011000001 %
0'
0(
0,
b011000001 1
03
#194000000
b011000010 !
1#
1$
b011000010 %
1'
1(
1,
b011000010 1
13
#195000000
b011000011 !
b011000011 %
0,
b011000011 1
#196000000
b011000100 !
1#
b011000100 %
1'
1(
1,
0-
b011000100 1
#197000000
b011000101 !
0#
0$
b011000101 %
0'
0(
0,
b011000101 1
03
#198000000
b011000110 !
1#
1$
b011000110 %
1'
1(
1,
b011000110 1
13
#199000000
b011000111 !
b011000111 %
0,
b011000111 1
#200000000
b011001000 !
1#
b011001000 %
1'
1(
1,
b011001000 1
#201000000
b011001001 !
0#
0$
b011001001 %
0'
0(
0,
b011001001 1
03
#202000000
b011001010 !
1#
1$
b011001010 %
1'
1(
1,
b011001010 1
13
#203000000
b011001011 !
b011001011 %
0,
b011001011 1
#204000000
b011001100 !
1#
b011001100 %
1'
1(
1,
b011001100 1
#205000000
b011001101 !
0#
0$
b011001101 %
0'
0(
0,
b011001101 1
03
#206000000
b011001110 !
1#
1$
b011001110 %
1'
1(
1,
b011001110 1
13
#207000000
b011001111 !
b011001111 %
0,
b011001111 1
#208000000
b011010000 !
1#
b011010000 %
1'
1(
1,
b011010000 1
#209000000
b011010001 !
0#
0$
b011010001 %
0'
0(
0,
b011010001 1
03
#210000000
b011010010 !
1#
1$
b011010010 %
1'
1(
1,
b011010010 1
13
#211000000
b011010011 !
b011010011 %
0,
b011010011 1
#212000000
b011010100 !
1#
b011010100 %
1'
1(
1,
b011010100 1
#213000000
b011010101 !
0#
0$
b011010101 %
0'
0(
0,
b011010101 1
03
#214000000
b011010110 !
1#
1$
b011010110 %
1'
1(
1,
b011010110 1
13
#215000000
b011010111 !
b011010111 %
0,
b011010111 1
#216000000
b011011000 !
1#
b011011000 %
1'
1(
1,
b011011000 1
#217000000
b011011001 !
0#
0$
b011011001 %
0'
0(
0,
b011011001 1
03
#218000000
b011011010 !
1#
1$
b011011010 %
1'
1(
1,
b011011010 1
13
#219000000
b011011011 !
b011011011 %
0,
b011011011 1
#220000000
b011011100 !
1#
b011011100 %
1'
1(
1,
b011011100 1
#221000000
b011011101 !
0#
0$
b011011101 %
0'
0(
0,
b011011101 1
03
#222000000
b011011110 !
1#
1$
b011011110 %
1'
1(
1,
b011011110 1
13
#223000000
b011011111 !
b011011111 %
0,
b011011111 1
#224000000
b011100000 !
1#
b011100000 %
1'
1(
0)
1*
1+
1,
1-
1.
10
b011100000 1
#225000000
b011100001 !
0#
0$
b011100001 %
0'
0(
0,
b011100001 1
03
#226000000
b011100010 !
1#
1$
b011100010 %
1'
1(
1,
b011100010 1
13
#227000000
b011100011 !
b011100011 %
0,
b011100011 1
#228000000
b011100100 !
1#
b011100100 %
1'
1(
1)
1,
0-
b011100100 1
#229000000
b011100101 !
0#
0$
b011100101 %
0'
0(
0,
b011100101 1
03
#230000000
b011100110 !
1#
1$
b011100110 %
1'
1(
1,
b011100110 1
13
#231000000
b011100111 !
b011100111 %
0,
b011100111 1
#232000000
b011101000 !
1#
b011101000 %
1'
1(
1,
b011101000 1
#233000000
b011101001 !
0#
0$
b011101001 %
0'
0(
0,
b011101001 1
03
#234000000
b011101010 !
1#
1$
b011101010 %
1'
1(
1,
b011101010 1
13
#235000000
b011101011 !
b011101011 %
0,
b011101011 1
#236000000
b011101100 !
1#
b011101100 %
1'
1(
1,
b011101100 1
#237000000
b011101101 !
0#
0$
b011101101 %
0'
0(
0,
b011101101 1
03
#238000000
b011101110 !
1#
1$
b011101110 %
1'
1(
1,
b011101110 1
13
#239000000
b011101111 !
b011101111 %
0,
b011101111 1
#240000000
b011110000 !
1#
b011110000 %
1'
1(
1,
b011110000 1
#241000000
b011110001 !
0#
0$
b011110001 %
0'
0(
0,
b011110001 1
03
#242000000
b011110010 !
1#
1$
b011110010 %
1'
1(
1,
b011110010 1
13
#243000000
b011110011 !
b011110011 %
0,
b011110011 1
#244000000
b011110100 !
1#
b011110100 %
1'
1(
1,
b011110100 1
#245000000
b011110101 !
0#
0$
b011110101 %
0'
0(
0,
b011110101 1
03
#246000000
b011110110 !
1#
1$
b011110110 %
1'
1(
1,
b011110110 1
13
#247000000
b011110111 !
b011110111 %
0,
b011110111 1
#248000000
b011111000 !
1#
b011111000 %
1'
1(
1,
b011111000 1
#249000000
b011111001 !
0#
0$
b011111001 %
0'
0(
0,
b011111001 1
03
#250000000
b011111010 !
1#
1$
b011111010 %
1'
1(
1,
b011111010 1
13
#251000000
b011111011 !
b011111011 %
0,
b011111011 1
#252000000
b011111100 !
1#
b011111100 %
1'
1(
1,
b011111100 1
#253000000
b011111101 !
0#
0$
b011111101 %
0'
0(
0,
b011111101 1
03
#254000000
b011111110 !
1#
1$
b011111110 %
1'
1(
1,
b011111110 1
13
#255000000
b011111111 !
b011111111 %
0,
b011111111 1
#256000000
b100000000 !
1#
b100000000 %
1'
1(
0*
1+
1,
1-
0.
00
b100000000 1
#257000000
b100000001 !
0#
0$
b100000001 %
0'
0(
0,
b100000001 1
03
#258000000
b100000010 !
1#
1$
b100000010 %
1'
1(
1,
b100000010 1
13
#259000000
b100000011 !
b100000011 %
0,
b100000011 1
#260000000
b100000100 !
1#
b100000100 %
1'
1(
1,
0-
b100000100 1
#261000000
b100000101 !
0#
0$
b100000101 %
0'
0(
0,
b100000101 1
03
#262000000
b100000110 !
1#
1$
b100000110 %
1'
1(
1,
b100000110 1
13
#263000000
b100000111 !
b100000111 %
0,
b100000111 1
#264000000
b100001000 !
1#
b100001000 %
1'
1(
1,
b100001000 1
#265000000
b100001001 !
0#
0$
b100001001 %
0'
0(
0,
b100001001 1
03
#266000000
b100001010 !
1#
1$
b100001010 %
1'
1(
1,
b100001010 1
13
#267000000
b100001011 !
b100001011 %
0,
b100001011 1
#268000000
b100001100 !
1#
b100001100 %
1'
1(
1,
b100001100 1
#269000000
b100001101 !
0#
0$
b100001101 %
0'
0(
0,
b100001101 1
03
#270000000
b100001110 !
1#
1$
b100001110 %
1'
1(
1,
b100001110 1
13
#271000000
b100001111 !
b100001111 %
0,
b100001111 1
#272000000
b100010000 !
1#
b100010000 %
1'
1(
1,
b100010000 1
#273000000
b100010001 !
0#
0$
b100010001 %
0'
0(
0,
b100010001 1
03
#274000000
b100010010 !
1#
1$
b100010010 %
1'
1(
1,
b100010010 1
13
#275000000
b100010011 !
b100010011 %
0,
b100010011 1
#276000000
b100010100 !
1#
b100010100 %
1'
1(
1,
b100010100 1
#277000000
b100010101 !
0#
0$
b100010101 %
0'
0(
0,
b100010101 1
03
#278000000
b100010110 !
1#
1$
b100010110 %
1'
1(
1,
b100010110 1
13
#279000000
b100010111 !
b100010111 %
0,
b100010111 1
#280000000
b100011000 !
1#
b100011000 %
1'
1(
1,
b100011000 1
#281000000
b100011001 !
0#
0$
b100011001 %
0'
0(
0,
b100011001 1
03
#282000000
b100011010 !
1#
1$
b100011010 %
1'
1(
1,
b100011010 1
13
#283000000
b100011011 !
b100011011 %
0,
b100011011 1
#284000000
b100011100 !
1#
b100011100 %
1'
1(
1,
b100011100 1
#285000000
b100011101 !
0#
0$
b100011101 %
0'
0(
0,
b100011101 1
03
#286000000
b100011110 !
1#
1$
b100011110 %
1'
1(
1,
b100011110 1
13
#287000000
b100011111 !
b100011111 %
0,
b100011111 1
#288000000
b100100000 !
1#
b100100000 %
1'
1(
0)
1,
1-
b100100000 1
#289000000
b100100001 !
0#
0$
b100100001 %
0'
0(
0,
b100100001 1
03
#290000000
b100100010 !
1#
1$
b100100010 %
1'
1(
1,
b100100010 1
13
#291000000
b100100011 !
b100100011 %
0,
b100100011 1
#292000000
b100100100 !
1#
b100100100 %
1'
1(
1)
1,
0-
b100100100 1
#293000000
b100100101 !
0#
0$
b100100101 %
0'
0(
0,
b100100101 1
03
#294000000
b100100110 !
1#
1$
b100100110 %
1'
1(
1,
b100100110 1
13
#295000000
b100100111 !
b100100111 %
0,
b100100111 1
#296000000
b100101000 !
1#
b100101000 %
1'
1(
1,
b100101000 1
#297000000
b100101001 !
0#
0$
b100101001 %
0'
0(
0,
b100101001 1
03
#298000000
b100101010 !
1#
1$
b100101010 %
1'
1(
1,
b100101010 1
13
#299000000
b100101011 !
b100101011 %
0,
b100101011 1
#300000000
b100101100 !
1#
b100101100 %
1'
1(
1,
b100101100 1
#301000000
b100101101 !
0#
0$
b100101101 %
0'
0(
0,
b100101101 1
03
#302000000
b100101110 !
1#
1$
b100101110 %
1'
1(
1,
b100101110 1
13
#303000000
b100101111 !
b100101111 %
0,
b100101111 1
#304000000
b100110000 !
1#
b100110000 %
1'
1(
1,
b100110000 1
#305000000
b100110001 !
0#
0$
b100110001 %
0'
0(
0,
b100110001 1
03
#306000000
b100110010 !
1#
1$
b100110010 %
1'
1(
1,
b100110010 1
13
#307000000
b100110011 !
b100110011 %
0,
b100110011 1
#308000000
b100110100 !
1#
b100110100 %
1'
1(
1,
b100110100 1
#309000000
b100110101 !
0#
0$
b100110101 %
0'
0(
0,
b100110101 1
03
#310000000
b100110110 !
1#
1$
b100110110 %
1'
1(
1,
b100110110 1
13
#311000000
b100110111 !
b100110111 %
0,
b100110111 1
#312000000
b100111000 !
1#
b100111000 %
1'
1(
1,
b100111000 1
#313000000
b100111001 !
0#
0$
b100111001 %
0'
0(
0,
b100111001 1
03
#314000000
b100111010 !
1#
1$
b100111010 %
1'
1(
1,
b100111010 1
13
#315000000
b100111011 !
b100111011 %
0,
b100111011 1
#316000000
b100111100 !
1#
b100111100 %
1'
1(
1,
b100111100 1
#317000000
b100111101 !
0#
0$
b100111101 %
0'
0(
0,
b100111101 1
03
#318000000
b100111110 !
1#
1$
b100111110 %
1'
1(
1,
b100111110 1
13
#319000000
b100111111 !
b100111111 %
0,
b100111111 1
#320000000
b101000000 !
1#
b101000000 %
1'
1(
1,
1-
b101000000 1
#321000000
b101000001 !
0#
0$
b101000001 %
0'
0(
0,
b101000001 1
03
#322000000
b101000010 !
1#
1$
b101000010 %
1'
1(
1,
b101000010 1
13
#323000000
b101000011 !
b101000011 %
0,
b101000011 1
#324000000
b101000100 !
1#
b101000100 %
1'
1(
1,
0-
b101000100 1
#325000000
b101000101 !
0#
0$
b101000101 %
0'
0(
0,
b101000101 1
03
#326000000
b101000110 !
1#
1$
b101000110 %
1'
1(
1,
b101000110 1
13
#327000000
b101000111 !
b101000111 %
0,
b101000111 1
#328000000
b101001000 !
1#
b101001000 %
1'
1(
1,
b101001000 1
#329000000
b101001001 !
0#
0$
b101001001 %
0'
0(
0,
b101001001 1
03
#330000000
b101001010 !
1#
1$
b101001010 %
1'
1(
1,
b101001010 1
13
#331000000
b101001011 !
b101001011 %
0,
b101001011 1
#332000000
b101001100 !
1#
b101001100 %
1'
1(
1,
b101001100 1
#333000000
b101001101 !
0#
0$
b101001101 %
0'
0(
0,
b101001101 1
03
#334000000
b101001110 !
1#
1$
b101001110 %
1'
1(
1,
b101001110 1
13
#335000000
b101001111 !
b101001111 %
0,
b101001111 1
#336000000
b101010000 !
1#
b101010000 %
1'
1(
1,
b101010000 1
#337000000
b101010001 !
0#
0$
b101010001 %
0'
0(
0,
b101010001 1
03
#338000000
b101010010 !
1#
1$
b101010010 %
1'
1(
1,
b101010010 1
13
#339000000
b101010011 !
b101010011 %
0,
b101010011 1
#340000000
b101010100 !
1#
b101010100 %
1'
1(
1,
b101010100 1
#341000000
b101010101 !
0#
0$
b101010101 %
0'
0(
0,
b101010101 1
03
#342000000
b101010110 !
1#
1$
b101010110 %
1'
1(
1,
b101010110 1
13
#343000000
b101010111 !
b101010111 %
0,
b101010111 1
#344000000
b101011000 !
1#
b101011000 %
1'
1(
1,
b101011000 1
#345000000
b101011001 !
0#
0$
b101011001 %
0'
0(
0,
b101011001 1
03
#346000000
b101011010 !
1#
1$
b101011010 %
1'
1(
1,
b101011010 1
13
#347000000
b101011011 !
b101011011 %
0,
b101011011 1
#348000000
b101011100 !
1#
b101011100 %
1'
1(
1,
b101011100 1
#349000000
b101011101 !
0#
0$
b101011101 %
0'
0(
0,
b101011101 1
03
#350000000
b101011110 !
1#
1$
b101011110 %
1'
1(
1,
b101011110 1
13
#351000000
b101011111 !
b101011111 %
0,
b101011111 1
#352000000
b101100000 !
1#
b101100000 %
1'
1(
0)
1*
1,
1-
1.
b101100000 1
#353000000
b101100001 !
0#
0$
b101100001 %
0'
0(
0,
b101100001 1
03
#354000000
b101100010 !
1#
1$
b101100010 %
1'
1(
1,
b101100010 1
13
#355000000
b101100011 !
b101100011 %
0,
b101100011 1
#356000000
b101100100 !
1#
b101100100 %
1'
1(
1)
1,
0-
b101100100 1
#357000000
b101100101 !
0#
0$
b101100101 %
0'
0(
0,
b101100101 1
03
#358000000
b101100110 !
1#
1$
b101100110 %
1'
1(
1,
b101100110 1
13
#359000000
b101100111 !
b101100111 %
0,
b101100111 1
#360000000
b101101000 !
1#
b101101000 %
1'
1(
1,
b101101000 1
#361000000
b101101001 !
0#
0$
b101101001 %
0'
0(
0,
b101101001 1
03
#362000000
b101101010 !
1#
1$
b101101010 %
1'
1(
1,
b101101010 1
13
#363000000
b101101011 !
b101101011 %
0,
b101101011 1
#364000000
b101101100 !
1#
b101101100 %
1'
1(
1,
b101101100 1
#365000000
b101101101 !
0#
0$
b101101101 %
0'
0(
0,
b101101101 1
03
#366000000
b101101110 !
1#
1$
b101101110 %
1'
1(
1,
b101101110 1
13
#367000000
b101101111 !
b101101111 %
0,
b101101111 1
#368000000
b101110000 !
1#
b101110000 %
1'
1(
1,
b101110000 1
#369000000
b101110001 !
0#
0$
b101110001 %
0'
0(
0,
b101110001 1
03
#370000000
b101110010 !
1#
1$
b101110010 %
1'
1(
1,
b101110010 1
13
#371000000
b101110011 !
b101110011 %
0,
b101110011 1
#372000000
b101110100 !
1#
b101110100 %
1'
1(
1,
b101110100 1
#373000000
b101110101 !
0#
0$
b101110101 %
0'
0(
0,
b101110101 1
03
#374000000
b101110110 !
1#
1$
b101110110 %
1'
1(
1,
b101110110 1
13
#375000000
b101110111 !
b101110111 %
0,
b101110111 1
#376000000
b101111000 !
1#
b101111000 %
1'
1(
1,
b101111000 1
#377000000
b101111001 !
0#
0$
b101111001 %
0'
0(
0,
b101111001 1
03
#378000000
b101111010 !
1#
1$
b101111010 %
1'
1(
1,
b101111010 1
13
#379000000
b101111011 !
b101111011 %
0,
b101111011 1
#380000000
b101111100 !
1#
b101111100 %
1'
1(
1,
b101111100 1
#381000000
b101111101 !
0#
0$
b101111101 %
0'
0(
0,
b101111101 1
03
#382000000
b101111110 !
1#
1$
b101111110 %
1'
1(
1,
b101111110 1
13
#383000000
b101111111 !
b101111111 %
0,
b101111111 1
#384000000
b110000000 !
1#
b110000000 %
1'
1(
1,
1-
0.
1/
b110000000 1
#385000000
b110000001 !
0#
0$
b110000001 %
0'
0(
0,
b110000001 1
03
#386000000
b110000010 !
1#
1$
b110000010 %
1'
1(
1,
b110000010 1
13
#387000000
b110000011 !
b110000011 %
0,
b110000011 1
#388000000
b110000100 !
1#
b110000100 %
1'
1(
1,
0-
b110000100 1
#389000000
b110000101 !
0#
0$
b110000101 %
0'
0(
0,
b110000101 1
03
#390000000
b110000110 !
1#
1$
b110000110 %
1'
1(
1,
b110000110 1
13
#391000000
b110000111 !
b110000111 %
0,
b110000111 1
#392000000
b110001000 !
1#
b110001000 %
1'
1(
1,
b110001000 1
#393000000
b110001001 !
0#
0$
b110001001 %
0'
0(
0,
b110001001 1
03
#394000000
b110001010 !
1#
1$
b110001010 %
1'
1(
1,
b110001010 1
13
#395000000
b110001011 !
b110001011 %
0,
b110001011 1
#396000000
b110001100 !
1#
b110001100 %
1'
1(
1,
b110001100 1
#397000000
b110001101 !
0#
0$
b110001101 %
0'
0(
0,
b110001101 1
03
#398000000
b110001110 !
1#
1$
b110001110 %
1'
1(
1,
b110001110 1
13
#399000000
b110001111 !
b110001111 %
0,
b110001111 1
#400000000
b110010000 !
1#
b110010000 %
1'
1(
1,
b110010000 1
#401000000
b110010001 !
0#
0$
b110010001 %
0'
0(
0,
b110010001 1
03
#402000000
b110010010 !
1#
1$
b110010010 %
1'
1(
1,
b110010010 1
13
#403000000
b110010011 !
b110010011 %
0,
b110010011 1
#404000000
b110010100 !
1#
b110010100 %
1'
1(
1,
b110010100 1
#405000000
b110010101 !
0#
0$
b110010101 %
0'
0(
0,
b110010101 1
03
#406000000
b110010110 !
1#
1$
b110010110 %
1'
1(
1,
b110010110 1
13
#407000000
b110010111 !
b110010111 %
0,
b110010111 1
#408000000
b110011000 !
1#
b110011000 %
1'
1(
1,
b110011000 1
#409000000
b110011001 !
0#
0$
b110011001 %
0'
0(
0,
b110011001 1
03
#410000000
b110011010 !
1#
1$
b110011010 %
1'
1(
1,
b110011010 1
13
#411000000
b110011011 !
b110011011 %
0,
b110011011 1
#412000000
b110011100 !
1#
b110011100 %
1'
1(
1,
b110011100 1
#413000000
b110011101 !
0#
0$
b110011101 %
0'
0(
0,
b110011101 1
03
#414000000
b110011110 !
1#
1$
b110011110 %
1'
1(
1,
b110011110 1
13
#415000000
b110011111 !
b110011111 %
0,
b110011111 1
#416000000
b110100000 !
1#
b110100000 %
1'
1(
0)
1,
1-
b110100000 1
#417000000
b110100001 !
0#
0$
b110100001 %
0'
0(
0,
b110100001 1
03
#418000000
b110100010 !
1#
1$
b110100010 %
1'
1(
1,
b110100010 1
13
#419000000
b110100011 !
b110100011 %
0,
b110100011 1
#420000000
b110100100 !
1#
b110100100 %
1'
1(
1)
1,
0-
b110100100 1
#421000000
b110100101 !
0#
0$
b110100101 %
0'
0(
0,
b110100101 1
03
#422000000
b110100110 !
1#
1$
b110100110 %
1'
1(
1,
b110100110 1
13
#423000000
b110100111 !
b110100111 %
0,
b110100111 1
#424000000
b110101000 !
1#
b110101000 %
1'
1(
1,
b110101000 1
#425000000
b110101001 !
0#
0$
b110101001 %
0'
0(
0,
b110101001 1
03
#426000000
b110101010 !
1#
1$
b110101010 %
1'
1(
1,
b110101010 1
13
#427000000
b110101011 !
b110101011 %
0,
b110101011 1
#428000000
b110101100 !
1#
b110101100 %
1'
1(
1,
b110101100 1
#429000000
b110101101 !
0#
0$
b110101101 %
0'
0(
0,
b110101101 1
03
#430000000
b110101110 !
1#
1$
b110101110 %
1'
1(
1,
b110101110 1
13
#431000000
b110101111 !
b110101111 %
0,
b110101111 1
#432000000
b110110000 !
1#
b110110000 %
1'
1(
1,
b110110000 1
#433000000
b110110001 !
0#
0$
b110110001 %
0'
0(
0,
b110110001 1
03
#434000000
b110110010 !
1#
1$
b110110010 %
1'
1(
1,
b110110010 1
13
#435000000
b110110011 !
b110110011 %
0,
b110110011 1
#436000000
b110110100 !
1#
b110110100 %
1'
1(
1,
b110110100 1
#437000000
b110110101 !
0#
0$
b110110101 %
0'
0(
0,
b110110101 1
03
#438000000
b110110110 !
1#
1$
b110110110 %
1'
1(
1,
b110110110 1
13
#439000000
b110110111 !
b110110111 %
0,
b110110111 1
#440000000
b110111000 !
1#
b110111000 %
1'
1(
1,
b110111000 1
#441000000
b110111001 !
0#
0$
b110111001 %
0'
0(
0,
b110111001 1
03
#442000000
b110111010 !
1#
1$
b110111010 %
1'
1(
1,
b110111010 1
13
#443000000
b110111011 !
b110111011 %
0,
b110111011 1
#444000000
b110111100 !
1#
b110111100 %
1'
1(
1,
b110111100 1
#445000000
b110111101 !
0#
0$
b110111101 %
0'
0(
0,
b110111101 1
03
#446000000
b110111110 !
1#
1$
b110111110 %
1'
1(
1,
b110111110 1
13
#447000000
b110111111 !
b110111111 %
0,
b110111111 1
#448000000
b111000000 !
1#
b111000000 %
1'
1(
1,
1-
b111000000 1
#449000000
b111000001 !
0#
0$
b111000001 %
0'
0(
0,
b111000001 1
03
#450000000
b111000010 !
1#
1$
b111000010 %
1'
1(
1,
b111000010 1
13
#451000000
b111000011 !
b111000011 %
0,
b111000011 1
#452000000
b111000100 !
1#
b111000100 %
1'
1(
1,
0-
b111000100 1
#453000000
b111000101 !
0#
0$
b111000101 %
0'
0(
0,
b111000101 1
03
#454000000
b111000110 !
1#
1$
b111000110 %
1'
1(
1,
b111000110 1
13
#455000000
b111000111 !
b111000111 %
0,
b111000111 1
#456000000
b111001000 !
1#
b111001000 %
1'
1(
1,
b111001000 1
#457000000
b111001001 !
0#
0$
b111001001 %
0'
0(
0,
b111001001 1
03
#458000000
b111001010 !
1#
1$
b111001010 %
1'
1(
1,
b111001010 1
13
#459000000
b111001011 !
b111001011 %
0,
b111001011 1
#460000000
b111001100 !
1#
b111001100 %
1'
1(
1,
b111001100 1
#461000000
b111001101 !
0#
0$
b111001101 %
0'
0(
0,
b111001101 1
03
#462000000
b111001110 !
1#
1$
b111001110 %
1'
1(
1,
b111001110 1
13
#463000000
b111001111 !
b111001111 %
0,
b111001111 1
#464000000
b111010000 !
1#
b111010000 %
1'
1(
1,
b111010000 1
#465000000
b111010001 !
0#
0$
b111010001 %
0'
0(
0,
b111010001 1
03
#466000000
b111010010 !
1#
1$
b111010010 %
1'
1(
1,
b111010010 1
13
#467000000
b111010011 !
b111010011 %
0,
b111010011 1
#468000000
b111010100 !
1#
b111010100 %
1'
1(
1,
b111010100 1
#469000000
b111010101 !
0#
0$
b111010101 %
0'
0(
0,
b111010101 1
03
#470000000
b111010110 !
1#
1$
b111010110 %
1'
1(
1,
b111010110 1
13
#471000000
b111010111 !
b111010111 %
0,
b111010111 1
#472000000
b111011000 !
1#
b111011000 %
1'
1(
1,
b111011000 1
#473000000
b111011001 !
0#
0$
b111011001 %
0'
0(
0,
b111011001 1
03
#474000000
b111011010 !
1#
1$
b111011010 %
1'
1(
1,
b111011010 1
13
#475000000
b111011011 !
b111011011 %
0,
b111011011 1
#476000000
b111011100 !
1#
b111011100 %
1'
1(
1,
b111011100 1
#477000000
b111011101 !
0#
0$
b111011101 %
0'
0(
0,
b111011101 1
03
#478000000
b111011110 !
1#
1$
b111011110 %
1'
1(
1,
b111011110 1
13
#479000000
b111011111 !
b111011111 %
0,
b111011111 1
#480000000
b111100000 !
1#
b111100000 %
1'
1(
0)
0+
1,
1-
1.
10
b111100000 1
#481000000
b111100001 !
0#
0$
b111100001 %
0'
0(
0,
b111100001 1
03
#482000000
b111100010 !
1#
1$
b111100010 %
1'
1(
1,
b111100010 1
13
#483000000
b111100011 !
b111100011 %
0,
b111100011 1
#484000000
b111100100 !
1#
b111100100 %
1'
1(
1)
1,
0-
b111100100 1
#485000000
b111100101 !
0#
0$
b111100101 %
0'
0(
0,
b111100101 1
03
#486000000
b111100110 !
1#
1$
b111100110 %
1'
1(
1,
b111100110 1
13
#487000000
b111100111 !
b111100111 %
0,
b111100111 1
#488000000
b111101000 !
1#
b111101000 %
1'
1(
1,
b111101000 1
#489000000
b111101001 !
0#
0$
b111101001 %
0'
0(
0,
b111101001 1
03
#490000000
b111101010 !
1#
1$
b111101010 %
1'
1(
1,
b111101010 1
13
#491000000
b111101011 !
b111101011 %
0,
b111101011 1
#492000000
b111101100 !
1#
b111101100 %
1'
1(
1,
b111101100 1
#493000000
b111101101 !
0#
0$
b111101101 %
0'
0(
0,
b111101101 1
03
#494000000
b111101110 !
1#
1$
b111101110 %
1'
1(
1,
b111101110 1
13
#495000000
b111101111 !
b111101111 %
0,
b111101111 1
#496000000
b111110000 !
1#
b111110000 %
1'
1(
1,
b111110000 1
#497000000
b111110001 !
0#
0$
b111110001 %
0'
0(
0,
b111110001 1
03
#498000000
b111110010 !
1#
1$
b111110010 %
1'
1(
1,
b111110010 1
13
#499000000
b111110011 !
b111110011 %
0,
b111110011 1
#500000000
b111110100 !
1#
b111110100 %
1'
1(
1,
b111110100 1
#501000000
b111110101 !
0#
0$
b111110101 %
0'
0(
0,
b111110101 1
03
#502000000
b111110110 !
1#
1$
b111110110 %
1'
1(
1,
b111110110 1
13
#503000000
b111110111 !
b111110111 %
0,
b111110111 1
#504000000
b111111000 !
1#
b111111000 %
1'
1(
1,
b111111000 1
#505000000
b111111001 !
0#
0$
b111111001 %
0'
0(
0,
b111111001 1
03
#506000000
b111111010 !
1#
1$
b111111010 %
1'
1(
1,
b111111010 1
13
#507000000
b111111011 !
b111111011 %
0,
b111111011 1
#508000000
b111111100 !
1#
b111111100 %
1'
1(
1,
b111111100 1
#509000000
b111111101 !
0#
0$
b111111101 %
0'
0(
0,
b111111101 1
03
#510000000
b111111110 !
1#
1$
b111111110 %
1'
1(
1,
b111111110 1
13
#511000000
b111111111 !
b111111111 %
0,
b111111111 1
#512000000
b000000000 !
b01 "
b000000000 %
b01 &
1(
0*
0+
1,
1-
0.
0/
00
b000000000 1
b01 2
#513000000
b000000001 !
b000000001 %
0(
0,
b000000001 1
#514000000
b000000010 !
b000000010 %
1(
1,
b000000010 1
#515000000
b000000011 !
b000000011 %
0,
b000000011 1
#516000000
b000000100 !
b000000100 %
1(
1,
0-
b000000100 1
#517000000
b000000101 !
b000000101 %
0(
0,
b000000101 1
#518000000
b000000110 !
b000000110 %
1(
1,
b000000110 1
#519000000
b000000111 !
b000000111 %
0,
b000000111 1
#520000000
b000001000 !
b000001000 %
1(
1,
b000001000 1
#521000000
b000001001 !
b000001001 %
0(
0,
b000001001 1
#522000000
b000001010 !
b000001010 %
1(
1,
b000001010 1
#523000000
b000001011 !
b000001011 %
0,
b000001011 1
#524000000
b000001100 !
b000001100 %
1(
1,
b000001100 1
#525000000
b000001101 !
b000001101 %
0(
0,
b000001101 1
#526000000
b000001110 !
b000001110 %
1(
1,
b000001110 1
#527000000
b000001111 !
b000001111 %
0,
b000001111 1
#528000000
b000010000 !
b000010000 %
1(
1,
b000010000 1
#529000000
b000010001 !
b000010001 %
0(
0,
b000010001 1
#530000000
b000010010 !
b000010010 %
1(
1,
b000010010 1
#531000000
b000010011 !
b000010011 %
0,
b000010011 1
#532000000
b000010100 !
b000010100 %
1(
1,
b000010100 1
#533000000
b000010101 !
b000010101 %
0(
0,
b000010101 1
#534000000
b000010110 !
b000010110 %
1(
1,
b000010110 1
#535000000
b000010111 !
b000010111 %
0,
b000010111 1
#536000000
b000011000 !
b000011000 %
1(
1,
b000011000 1
#537000000
b000011001 !
b000011001 %
0(
0,
b000011001 1
#538000000
b000011010 !
b000011010 %
1(
1,
b000011010 1
#539000000
b000011011 !
b000011011 %
0,
b000011011 1
#540000000
b000011100 !
b000011100 %
1(
1,
b000011100 1
#541000000
b000011101 !
b000011101 %
0(
0,
b000011101 1
#542000000
b000011110 !
b000011110 %
1(
1,
b000011110 1
#543000000
b000011111 !
b000011111 %
0,
b000011111 1
#544000000
b000100000 !
0#
0$
b000100000 %
0'
1(
0)
1,
1-
b000100000 1
03
#545000000
b000100001 !
b000100001 %
0(
0,
b000100001 1
#546000000
b000100010 !
b000100010 %
1(
1,
b000100010 1
#547000000
b000100011 !
b000100011 %
0,
b000100011 1
#548000000
b000100100 !
1#
1$
b000100100 %
1'
1(
1)
1,
0-
b000100100 1
13
#549000000
b000100101 !
b000100101 %
0(
0,
b000100101 1
#550000000
b000100110 !
b000100110 %
1(
1,
b000100110 1
#551000000
b000100111 !
b000100111 %
0,
b000100111 1
#552000000
b000101000 !
b000101000 %
1(
1,
b000101000 1
#553000000
b000101001 !
b000101001 %
0(
0,
b000101001 1
#554000000
b000101010 !
b000101010 %
1(
1,
b000101010 1
#555000000
b000101011 !
b000101011 %
0,
b000101011 1
#556000000
b000101100 !
b000101100 %
1(
1,
b000101100 1
#557000000
b000101101 !
b000101101 %
0(
0,
b000101101 1
#558000000
b000101110 !
b000101110 %
1(
1,
b000101110 1
#559000000
b000101111 !
b000101111 %
0,
b000101111 1
#560000000
b000110000 !
b000110000 %
1(
1,
b000110000 1
#561000000
b000110001 !
b000110001 %
0(
0,
b000110001 1
#562000000
b000110010 !
b000110010 %
1(
1,
b000110010 1
#563000000
b000110011 !
b000110011 %
0,
b000110011 1
#564000000
b000110100 !
b000110100 %
1(
1,
b000110100 1
#565000000
b000110101 !
b000110101 %
0(
0,
b000110101 1
#566000000
b000110110 !
b000110110 %
1(
1,
b000110110 1
#567000000
b000110111 !
b000110111 %
0,
b000110111 1
#568000000
b000111000 !
b000111000 %
1(
1,
b000111000 1
#569000000
b000111001 !
b000111001 %
0(
0,
b000111001 1
#570000000
b000111010 !
b000111010 %
1(
1,
b000111010 1
#571000000
b000111011 !
b000111011 %
0,
b000111011 1
#572000000
b000111100 !
b000111100 %
1(
1,
b000111100 1
#573000000
b000111101 !
b000111101 %
0(
0,
b000111101 1
#574000000
b000111110 !
b000111110 %
1(
1,
b000111110 1
#575000000
b000111111 !
b000111111 %
0,
b000111111 1
#576000000
b001000000 !
b001000000 %
1(
1,
1-
b001000000 1
#577000000
b001000001 !
b001000001 %
0(
0,
b001000001 1
#578000000
b001000010 !
b001000010 %
1(
1,
b001000010 1
#579000000
b001000011 !
b001000011 %
0,
b001000011 1
#580000000
b001000100 !
b001000100 %
1(
1,
0-
b001000100 1
#581000000
b001000101 !
b001000101 %
0(
0,
b001000101 1
#582000000
b001000110 !
b001000110 %
1(
1,
b001000110 1
#583000000
b001000111 !
b001000111 %
0,
b001000111 1
#584000000
b001001000 !
b001001000 %
1(
1,
b001001000 1
#585000000
b001001001 !
b001001001 %
0(
0,
b001001001 1
#586000000
b001001010 !
b001001010 %
1(
1,
b001001010 1
#587000000
b001001011 !
b001001011 %
0,
b001001011 1
#588000000
b001001100 !
b001001100 %
1(
1,
b001001100 1
#589000000
b001001101 !
b001001101 %
0(
0,
b001001101 1
#590000000
b001001110 !
b001001110 %
1(
1,
b001001110 1
#591000000
b001001111 !
b001001111 %
0,
b001001111 1
#592000000
b001010000 !
b001010000 %
1(
1,
b001010000 1
#593000000
b001010001 !
b001010001 %
0(
0,
b001010001 1
#594000000
b001010010 !
b001010010 %
1(
1,
b001010010 1
#595000000
b001010011 !
b001010011 %
0,
b001010011 1
#596000000
b001010100 !
b001010100 %
1(
1,
b001010100 1
#597000000
b001010101 !
b001010101 %
0(
0,
b001010101 1
#598000000
b001010110 !
b001010110 %
1(
1,
b001010110 1
#599000000
b001010111 !
b001010111 %
0,
b001010111 1
#600000000
b001011000 !
b001011000 %
1(
1,
b001011000 1
#601000000
b001011001 !
b001011001 %
0(
0,
b001011001 1
#602000000
b001011010 !
b001011010 %
1(
1,
b001011010 1
#603000000
b001011011 !
b001011011 %
0,
b001011011 1
#604000000
b001011100 !
b001011100 %
1(
1,
b001011100 1
#605000000
b001011101 !
b001011101 %
0(
0,
b001011101 1
#606000000
b001011110 !
b001011110 %
1(
1,
b001011110 1
#607000000
b001011111 !
b001011111 %
0,
b001011111 1
#608000000
b001100000 !
0#
0$
b001100000 %
0'
1(
0)
1*
1,
1-
1.
b001100000 1
03
#609000000
b001100001 !
b001100001 %
0(
0,
b001100001 1
#610000000
b001100010 !
b001100010 %
1(
1,
b001100010 1
#611000000
b001100011 !
b001100011 %
0,
b001100011 1
#612000000
b001100100 !
1#
1$
b001100100 %
1'
1(
1)
1,
0-
b001100100 1
13
#613000000
b001100101 !
b001100101 %
0(
0,
b001100101 1
#614000000
b001100110 !
b001100110 %
1(
1,
b001100110 1
#615000000
b001100111 !
b001100111 %
0,
b001100111 1
#616000000
b001101000 !
b001101000 %
1(
1,
b001101000 1
#617000000
b001101001 !
b001101001 %
0(
0,
b001101001 1
#618000000
b001101010 !
b001101010 %
1(
1,
b001101010 1
#619000000
b001101011 !
b001101011 %
0,
b001101011 1
#620000000
b001101100 !
b001101100 %
1(
1,
b001101100 1
#621000000
b001101101 !
b001101101 %
0(
0,
b001101101 1
#622000000
b001101110 !
b001101110 %
1(
1,
b001101110 1
#623000000
b001101111 !
b001101111 %
0,
b001101111 1
#624000000
b001110000 !
b001110000 %
1(
1,
b001110000 1
#625000000
b001110001 !
b001110001 %
0(
0,
b001110001 1
#626000000
b001110010 !
b001110010 %
1(
1,
b001110010 1
#627000000
b001110011 !
b001110011 %
0,
b001110011 1
#628000000
b001110100 !
b001110100 %
1(
1,
b001110100 1
#629000000
b001110101 !
b001110101 %
0(
0,
b001110101 1
#630000000
b001110110 !
b001110110 %
1(
1,
b001110110 1
#631000000
b001110111 !
b001110111 %
0,
b001110111 1
#632000000
b001111000 !
b001111000 %
1(
1,
b001111000 1
#633000000
b001111001 !
b001111001 %
0(
0,
b001111001 1
#634000000
b001111010 !
b001111010 %
1(
1,
b001111010 1
#635000000
b001111011 !
b001111011 %
0,
b001111011 1
#636000000
b001111100 !
b001111100 %
1(
1,
b001111100 1
#637000000
b001111101 !
b001111101 %
0(
0,
b001111101 1
#638000000
b001111110 !
b001111110 %
1(
1,
b001111110 1
#639000000
b001111111 !
b001111111 %
0,
b001111111 1
#640000000
b010000000 !
b010000000 %
1(
0*
1,
1-
0.
b010000000 1
#641000000
b010000001 !
b010000001 %
0(
0,
b010000001 1
#642000000
b010000010 !
b010000010 %
1(
1,
b010000010 1
#643000000
b010000011 !
b010000011 %
0,
b010000011 1
#644000000
b010000100 !
b010000100 %
1(
1,
0-
b010000100 1
#645000000
b010000101 !
b010000101 %
0(
0,
b010000101 1
#646000000
b010000110 !
b010000110 %
1(
1,
b010000110 1
#647000000
b010000111 !
b010000111 %
0,
b010000111 1
#648000000
b010001000 !
b010001000 %
1(
1,
b010001000 1
#649000000
b010001001 !
b010001001 %
0(
0,
b010001001 1
#650000000
b010001010 !
b010001010 %
1(
1,
b010001010 1
#651000000
b010001011 !
b010001011 %
0,
b010001011 1
#652000000
b010001100 !
b010001100 %
1(
1,
b010001100 1
#653000000
b010001101 !
b010001101 %
0(
0,
b010001101 1
#654000000
b010001110 !
b010001110 %
1(
1,
b010001110 1
#655000000
b010001111 !
b010001111 %
0,
b010001111 1
#656000000
b010010000 !
b010010000 %
1(
1,
b010010000 1
#657000000
b010010001 !
b010010001 %
0(
0,
b010010001 1
#658000000
b010010010 !
b010010010 %
1(
1,
b010010010 1
#659000000
b010010011 !
b010010011 %
0,
b010010011 1
#660000000
b010010100 !
b010010100 %
1(
1,
b010010100 1
#661000000
b010010101 !
b010010101 %
0(
0,
b010010101 1
#662000000
b010010110 !
b010010110 %
1(
1,
b010010110 1
#663000000
b010010111 !
b010010111 %
0,
b010010111 1
#664000000
b010011000 !
b010011000 %
1(
1,
b010011000 1
#665000000
b010011001 !
b010011001 %
0(
0,
b010011001 1
#666000000
b010011010 !
b010011010 %
1(
1,
b010011010 1
#667000000
b010011011 !
b010011011 %
0,
b010011011 1
#668000000
b010011100 !
b010011100 %
1(
1,
b010011100 1
#669000000
b010011101 !
b010011101 %
0(
0,
b010011101 1
#670000000
b010011110 !
b010011110 %
1(
1,
b010011110 1
#671000000
b010011111 !
b010011111 %
0,
b010011111 1
#672000000
b010100000 !
0#
0$
b010100000 %
0'
1(
0)
1,
1-
b010100000 1
03
#673000000
b010100001 !
b010100001 %
0(
0,
b010100001 1
#674000000
b010100010 !
b010100010 %
1(
1,
b010100010 1
#675000000
b010100011 !
b010100011 %
0,
b010100011 1
#676000000
b010100100 !
1#
1$
b010100100 %
1'
1(
1)
1,
0-
b010100100 1
13
#677000000
b010100101 !
b010100101 %
0(
0,
b010100101 1
#678000000
b010100110 !
b010100110 %
1(
1,
b010100110 1
#679000000
b010100111 !
b010100111 %
0,
b010100111 1
#680000000
b010101000 !
b010101000 %
1(
1,
b010101000 1
#681000000
b010101001 !
b010101001 %
0(
0,
b010101001 1
#682000000
b010101010 !
b010101010 %
1(
1,
b010101010 1
#683000000
b010101011 !
b010101011 %
0,
b010101011 1
#684000000
b010101100 !
b010101100 %
1(
1,
b010101100 1
#685000000
b010101101 !
b010101101 %
0(
0,
b010101101 1
#686000000
b010101110 !
b010101110 %
1(
1,
b010101110 1
#687000000
b010101111 !
b010101111 %
0,
b010101111 1
#688000000
b010110000 !
b010110000 %
1(
1,
b010110000 1
#689000000
b010110001 !
b010110001 %
0(
0,
b010110001 1
#690000000
b010110010 !
b010110010 %
1(
1,
b010110010 1
#691000000
b010110011 !
b010110011 %
0,
b010110011 1
#692000000
b010110100 !
b010110100 %
1(
1,
b010110100 1
#693000000
b010110101 !
b010110101 %
0(
0,
b010110101 1
#694000000
b010110110 !
b010110110 %
1(
1,
b010110110 1
#695000000
b010110111 !
b010110111 %
0,
b010110111 1
#696000000
b010111000 !
b010111000 %
1(
1,
b010111000 1
#697000000
b010111001 !
b010111001 %
0(
0,
b010111001 1
#698000000
b010111010 !
b010111010 %
1(
1,
b010111010 1
#699000000
b010111011 !
b010111011 %
0,
b010111011 1
#700000000
b010111100 !
b010111100 %
1(
1,
b010111100 1
#701000000
b010111101 !
b010111101 %
0(
0,
b010111101 1
#702000000
b010111110 !
b010111110 %
1(
1,
b010111110 1
#703000000
b010111111 !
b010111111 %
0,
b010111111 1
#704000000
b011000000 !
b011000000 %
1(
1,
1-
b011000000 1
#705000000
b011000001 !
b011000001 %
0(
0,
b011000001 1
#706000000
b011000010 !
b011000010 %
1(
1,
b011000010 1
#707000000
b011000011 !
b011000011 %
0,
b011000011 1
#708000000
b011000100 !
b011000100 %
1(
1,
0-
b011000100 1
#709000000
b011000101 !
b011000101 %
0(
0,
b011000101 1
#710000000
b011000110 !
b011000110 %
1(
1,
b011000110 1
#711000000
b011000111 !
b011000111 %
0,
b011000111 1
#712000000
b011001000 !
b011001000 %
1(
1,
b011001000 1
#713000000
b011001001 !
b011001001 %
0(
0,
b011001001 1
#714000000
b011001010 !
b011001010 %
1(
1,
b011001010 1
#715000000
b011001011 !
b011001011 %
0,
b011001011 1
#716000000
b011001100 !
b011001100 %
1(
1,
b011001100 1
#717000000
b011001101 !
b011001101 %
0(
0,
b011001101 1
#718000000
b011001110 !
b011001110 %
1(
1,
b011001110 1
#719000000
b011001111 !
b011001111 %
0,
b011001111 1
#720000000
b011010000 !
b011010000 %
1(
1,
b011010000 1
#721000000
b011010001 !
b011010001 %
0(
0,
b011010001 1
#722000000
b011010010 !
b011010010 %
1(
1,
b011010010 1
#723000000
b011010011 !
b011010011 %
0,
b011010011 1
#724000000
b011010100 !
b011010100 %
1(
1,
b011010100 1
#725000000
b011010101 !
b011010101 %
0(
0,
b011010101 1
#726000000
b011010110 !
b011010110 %
1(
1,
b011010110 1
#727000000
b011010111 !
b011010111 %
0,
b011010111 1
#728000000
b011011000 !
b011011000 %
1(
1,
b011011000 1
#729000000
b011011001 !
b011011001 %
0(
0,
b011011001 1
#730000000
b011011010 !
b011011010 %
1(
1,
b011011010 1
#731000000
b011011011 !
b011011011 %
0,
b011011011 1
#732000000
b011011100 !
b011011100 %
1(
1,
b011011100 1
#733000000
b011011101 !
b011011101 %
0(
0,
b011011101 1
#734000000
b011011110 !
b011011110 %
1(
1,
b011011110 1
#735000000
b011011111 !
b011011111 %
0,
b011011111 1
#736000000
b011100000 !
0#
0$
b011100000 %
0'
1(
0)
1*
1+
1,
1-
1.
10
b011100000 1
03
#737000000
b011100001 !
b011100001 %
0(
0,
b011100001 1
#738000000
b011100010 !
b011100010 %
1(
1,
b011100010 1
#739000000
b011100011 !
b011100011 %
0,
b011100011 1
#740000000
b011100100 !
1#
1$
b011100100 %
1'
1(
1)
1,
0-
b011100100 1
13
#741000000
b011100101 !
b011100101 %
0(
0,
b011100101 1
#742000000
b011100110 !
b011100110 %
1(
1,
b011100110 1
#743000000
b011100111 !
b011100111 %
0,
b011100111 1
#744000000
b011101000 !
b011101000 %
1(
1,
b011101000 1
#745000000
b011101001 !
b011101001 %
0(
0,
b011101001 1
#746000000
b011101010 !
b011101010 %
1(
1,
b011101010 1
#747000000
b011101011 !
b011101011 %
0,
b011101011 1
#748000000
b011101100 !
b011101100 %
1(
1,
b011101100 1
#749000000
b011101101 !
b011101101 %
0(
0,
b011101101 1
#750000000
b011101110 !
b011101110 %
1(
1,
b011101110 1
#751000000
b011101111 !
b011101111 %
0,
b011101111 1
#752000000
b011110000 !
b011110000 %
1(
1,
b011110000 1
#753000000
b011110001 !
b011110001 %
0(
0,
b011110001 1
#754000000
b011110010 !
b011110010 %
1(
1,
b011110010 1
#755000000
b011110011 !
b011110011 %
0,
b011110011 1
#756000000
b011110100 !
b011110100 %
1(
1,
b011110100 1
#757000000
b011110101 !
b011110101 %
0(
0,
b011110101 1
#758000000
b011110110 !
b011110110 %
1(
1,
b011110110 1
#759000000
b011110111 !
b011110111 %
0,
b011110111 1
#760000000
b011111000 !
b011111000 %
1(
1,
b011111000 1
#761000000
b011111001 !
b011111001 %
0(
0,
b011111001 1
#762000000
b011111010 !
b011111010 %
1(
1,
b011111010 1
#763000000
b011111011 !
b011111011 %
0,
b011111011 1
#764000000
b011111100 !
b011111100 %
1(
1,
b011111100 1
#765000000
b011111101 !
b011111101 %
0(
0,
b011111101 1
#766000000
b011111110 !
b011111110 %
1(
1,
b011111110 1
#767000000
b011111111 !
b011111111 %
0,
b011111111 1
#768000000
b100000000 !
b100000000 %
1(
0*
1+
1,
1-
0.
00
b100000000 1
#769000000
b100000001 !
b100000001 %
0(
0,
b100000001 1
#770000000
b100000010 !
b100000010 %
1(
1,
b100000010 1
#771000000
b100000011 !
b100000011 %
0,
b100000011 1
#772000000
b100000100 !
b100000100 %
1(
1,
0-
b100000100 1
#773000000
b100000101 !
b100000101 %
0(
0,
b100000101 1
#774000000
b100000110 !
b100000110 %
1(
1,
b100000110 1
#775000000
b100000111 !
b100000111 %
0,
b100000111 1
#776000000
b100001000 !
b100001000 %
1(
1,
b100001000 1
#777000000
b100001001 !
b100001001 %
0(
0,
b100001001 1
#778000000
b100001010 !
b100001010 %
1(
1,
b100001010 1
#779000000
b100001011 !
b100001011 %
0,
b100001011 1
#780000000
b100001100 !
b100001100 %
1(
1,
b100001100 1
#781000000
b100001101 !
b100001101 %
0(
0,
b100001101 1
#782000000
b100001110 !
b100001110 %
1(
1,
b100001110 1
#783000000
b100001111 !
b100001111 %
0,
b100001111 1
#784000000
b100010000 !
b100010000 %
1(
1,
b100010000 1
#785000000
b100010001 !
b100010001 %
0(
0,
b100010001 1
#786000000
b100010010 !
b100010010 %
1(
1,
b100010010 1
#787000000
b100010011 !
b100010011 %
0,
b100010011 1
#788000000
b100010100 !
b100010100 %
1(
1,
b100010100 1
#789000000
b100010101 !
b100010101 %
0(
0,
b100010101 1
#790000000
b100010110 !
b100010110 %
1(
1,
b100010110 1
#791000000
b100010111 !
b100010111 %
0,
b100010111 1
#792000000
b100011000 !
b100011000 %
1(
1,
b100011000 1
#793000000
b100011001 !
b100011001 %
0(
0,
b100011001 1
#794000000
b100011010 !
b100011010 %
1(
1,
b100011010 1
#795000000
b100011011 !
b100011011 %
0,
b100011011 1
#796000000
b100011100 !
b100011100 %
1(
1,
b100011100 1
#797000000
b100011101 !
b100011101 %
0(
0,
b100011101 1
#798000000
b100011110 !
b100011110 %
1(
1,
b100011110 1
#799000000
b100011111 !
b100011111 %
0,
b100011111 1
#800000000
b100100000 !
0#
0$
b100100000 %
0'
1(
0)
1,
1-
b100100000 1
03
#801000000
b100100001 !
b100100001 %
0(
0,
b100100001 1
#802000000
b100100010 !
b100100010 %
1(
1,
b100100010 1
#803000000
b100100011 !
b100100011 %
0,
b100100011 1
#804000000
b100100100 !
1#
1$
b100100100 %
1'
1(
1)
1,
0-
b100100100 1
13
#805000000
b100100101 !
b100100101 %
0(
0,
b100100101 1
#806000000
b100100110 !
b100100110 %
1(
1,
b100100110 1
#807000000
b100100111 !
b100100111 %
0,
b100100111 1
#808000000
b100101000 !
b100101000 %
1(
1,
b100101000 1
#809000000
b100101001 !
b100101001 %
0(
0,
b100101001 1
#810000000
b100101010 !
b100101010 %
1(
1,
b100101010 1
#811000000
b100101011 !
b100101011 %
0,
b100101011 1
#812000000
b100101100 !
b100101100 %
1(
1,
b100101100 1
#813000000
b100101101 !
b100101101 %
0(
0,
b100101101 1
#814000000
b100101110 !
b100101110 %
1(
1,
b100101110 1
#815000000
b100101111 !
b100101111 %
0,
b100101111 1
#816000000
b100110000 !
b100110000 %
1(
1,
b100110000 1
#817000000
b100110001 !
b100110001 %
0(
0,
b100110001 1
#818000000
b100110010 !
b100110010 %
1(
1,
b100110010 1
#819000000
b100110011 !
b100110011 %
0,
b100110011 1
#820000000
b100110100 !
b100110100 %
1(
1,
b100110100 1
#821000000
b100110101 !
b100110101 %
0(
0,
b100110101 1
#822000000
b100110110 !
b100110110 %
1(
1,
b100110110 1
#823000000
b100110111 !
b100110111 %
0,
b100110111 1
#824000000
b100111000 !
b100111000 %
1(
1,
b100111000 1
#825000000
b100111001 !
b100111001 %
0(
0,
b100111001 1
#826000000
b100111010 !
b100111010 %
1(
1,
b100111010 1
#827000000
b100111011 !
b100111011 %
0,
b100111011 1
#828000000
b100111100 !
b100111100 %
1(
1,
b100111100 1
#829000000
b100111101 !
b100111101 %
0(
0,
b100111101 1
#830000000
b100111110 !
b100111110 %
1(
1,
b100111110 1
#831000000
b100111111 !
b100111111 %
0,
b100111111 1
#832000000
b101000000 !
b101000000 %
1(
1,
1-
b101000000 1
#833000000
b101000001 !
b101000001 %
0(
0,
b101000001 1
#834000000
b101000010 !
b101000010 %
1(
1,
b101000010 1
#835000000
b101000011 !
b101000011 %
0,
b101000011 1
#836000000
b101000100 !
b101000100 %
1(
1,
0-
b101000100 1
#837000000
b101000101 !
b101000101 %
0(
0,
b101000101 1
#838000000
b101000110 !
b101000110 %
1(
1,
b101000110 1
#839000000
b101000111 !
b101000111 %
0,
b101000111 1
#840000000
b101001000 !
b101001000 %
1(
1,
b101001000 1
#841000000
b101001001 !
b101001001 %
0(
0,
b101001001 1
#842000000
b101001010 !
b101001010 %
1(
1,
b101001010 1
#843000000
b101001011 !
b101001011 %
0,
b101001011 1
#844000000
b101001100 !
b101001100 %
1(
1,
b101001100 1
#845000000
b101001101 !
b101001101 %
0(
0,
b101001101 1
#846000000
b101001110 !
b101001110 %
1(
1,
b101001110 1
#847000000
b101001111 !
b101001111 %
0,
b101001111 1
#848000000
b101010000 !
b101010000 %
1(
1,
b101010000 1
#849000000
b101010001 !
b101010001 %
0(
0,
b101010001 1
#850000000
b101010010 !
b101010010 %
1(
1,
b101010010 1
#851000000
b101010011 !
b101010011 %
0,
b101010011 1
#852000000
b101010100 !
b101010100 %
1(
1,
b101010100 1
#853000000
b101010101 !
b101010101 %
0(
0,
b101010101 1
#854000000
b101010110 !
b101010110 %
1(
1,
b101010110 1
#855000000
b101010111 !
b101010111 %
0,
b101010111 1
#856000000
b101011000 !
b101011000 %
1(
1,
b101011000 1
#857000000
b101011001 !
b101011001 %
0(
0,
b101011001 1
#858000000
b101011010 !
b101011010 %
1(
1,
b101011010 1
#859000000
b101011011 !
b101011011 %
0,
b101011011 1
#860000000
b101011100 !
b101011100 %
1(
1,
b101011100 1
#861000000
b101011101 !
b101011101 %
0(
0,
b101011101 1
#862000000
b101011110 !
b101011110 %
1(
1,
b101011110 1
#863000000
b101011111 !
b101011111 %
0,
b101011111 1
#864000000
b101100000 !
0#
0$
b101100000 %
0'
1(
0)
1*
1,
1-
1.
b101100000 1
03
#865000000
b101100001 !
b101100001 %
0(
0,
b101100001 1
#866000000
b101100010 !
b101100010 %
1(
1,
b101100010 1
#867000000
b101100011 !
b101100011 %
0,
b101100011 1
#868000000
b101100100 !
1#
1$
b101100100 %
1'
1(
1)
1,
0-
b101100100 1
13
#869000000
b101100101 !
b101100101 %
0(
0,
b101100101 1
#870000000
b101100110 !
b101100110 %
1(
1,
b101100110 1
#871000000
b101100111 !
b101100111 %
0,
b101100111 1
#872000000
b101101000 !
b101101000 %
1(
1,
b101101000 1
#873000000
b101101001 !
b101101001 %
0(
0,
b101101001 1
#874000000
b101101010 !
b101101010 %
1(
1,
b101101010 1
#875000000
b101101011 !
b101101011 %
0,
b101101011 1
#876000000
b101101100 !
b101101100 %
1(
1,
b101101100 1
#877000000
b101101101 !
b101101101 %
0(
0,
b101101101 1
#878000000
b101101110 !
b101101110 %
1(
1,
b101101110 1
#879000000
b101101111 !
b101101111 %
0,
b101101111 1
#880000000
b101110000 !
b101110000 %
1(
1,
b101110000 1
#881000000
b101110001 !
b101110001 %
0(
0,
b101110001 1
#882000000
b101110010 !
b101110010 %
1(
1,
b101110010 1
#883000000
b101110011 !
b101110011 %
0,
b101110011 1
#884000000
b101110100 !
b101110100 %
1(
1,
b101110100 1
#885000000
b101110101 !
b101110101 %
0(
0,
b101110101 1
#886000000
b101110110 !
b101110110 %
1(
1,
b101110110 1
#887000000
b101110111 !
b101110111 %
0,
b101110111 1
#888000000
b101111000 !
b101111000 %
1(
1,
b101111000 1
#889000000
b101111001 !
b101111001 %
0(
0,
b101111001 1
#890000000
b101111010 !
b101111010 %
1(
1,
b101111010 1
#891000000
b101111011 !
b101111011 %
0,
b101111011 1
#892000000
b101111100 !
b101111100 %
1(
1,
b101111100 1
#893000000
b101111101 !
b101111101 %
0(
0,
b101111101 1
#894000000
b101111110 !
b101111110 %
1(
1,
b101111110 1
#895000000
b101111111 !
b101111111 %
0,
b101111111 1
#896000000
b110000000 !
b110000000 %
1(
1,
1-
0.
1/
b110000000 1
#897000000
b110000001 !
b110000001 %
0(
0,
b110000001 1
#898000000
b110000010 !
b110000010 %
1(
1,
b110000010 1
#899000000
b110000011 !
b110000011 %
0,
b110000011 1
#900000000
b110000100 !
b110000100 %
1(
1,
0-
b110000100 1
#901000000
b110000101 !
b110000101 %
0(
0,
b110000101 1
#902000000
b110000110 !
b110000110 %
1(
1,
b110000110 1
#903000000
b110000111 !
b110000111 %
0,
b110000111 1
#904000000
b110001000 !
b110001000 %
1(
1,
b110001000 1
#905000000
b110001001 !
b110001001 %
0(
0,
b110001001 1
#906000000
b110001010 !
b110001010 %
1(
1,
b110001010 1
#907000000
b110001011 !
b110001011 %
0,
b110001011 1
#908000000
b110001100 !
b110001100 %
1(
1,
b110001100 1
#909000000
b110001101 !
b110001101 %
0(
0,
b110001101 1
#910000000
b110001110 !
b110001110 %
1(
1,
b110001110 1
#911000000
b110001111 !
b110001111 %
0,
b110001111 1
#912000000
b110010000 !
b110010000 %
1(
1,
b110010000 1
#913000000
b110010001 !
b110010001 %
0(
0,
b110010001 1
#914000000
b110010010 !
b110010010 %
1(
1,
b110010010 1
#915000000
b110010011 !
b110010011 %
0,
b110010011 1
#916000000
b110010100 !
b110010100 %
1(
1,
b110010100 1
#917000000
b110010101 !
b110010101 %
0(
0,
b110010101 1
#918000000
b110010110 !
b110010110 %
1(
1,
b110010110 1
#919000000
b110010111 !
b110010111 %
0,
b110010111 1
#920000000
b110011000 !
b110011000 %
1(
1,
b110011000 1
#921000000
b110011001 !
b110011001 %
0(
0,
b110011001 1
#922000000
b110011010 !
b110011010 %
1(
1,
b110011010 1
#923000000
b110011011 !
b110011011 %
0,
b110011011 1
#924000000
b110011100 !
b110011100 %
1(
1,
b110011100 1
#925000000
b110011101 !
b110011101 %
0(
0,
b110011101 1
#926000000
b110011110 !
b110011110 %
1(
1,
b110011110 1
#927000000
b110011111 !
b110011111 %
0,
b110011111 1
#928000000
b110100000 !
0#
0$
b110100000 %
0'
1(
0)
1,
1-
b110100000 1
03
#929000000
b110100001 !
b110100001 %
0(
0,
b110100001 1
#930000000
b110100010 !
b110100010 %
1(
1,
b110100010 1
#931000000
b110100011 !
b110100011 %
0,
b110100011 1
#932000000
b110100100 !
1#
1$
b110100100 %
1'
1(
1)
1,
0-
b110100100 1
13
#933000000
b110100101 !
b110100101 %
0(
0,
b110100101 1
#934000000
b110100110 !
b110100110 %
1(
1,
b110100110 1
#935000000
b110100111 !
b110100111 %
0,
b110100111 1
#936000000
b110101000 !
b110101000 %
1(
1,
b110101000 1
#937000000
b110101001 !
b110101001 %
0(
0,
b110101001 1
#938000000
b110101010 !
b110101010 %
1(
1,
b110101010 1
#939000000
b110101011 !
b110101011 %
0,
b110101011 1
#940000000
b110101100 !
b110101100 %
1(
1,
b110101100 1
#941000000
b110101101 !
b110101101 %
0(
0,
b110101101 1
#942000000
b110101110 !
b110101110 %
1(
1,
b110101110 1
#943000000
b110101111 !
b110101111 %
0,
b110101111 1
#944000000
b110110000 !
b110110000 %
1(
1,
b110110000 1
#945000000
b110110001 !
b110110001 %
0(
0,
b110110001 1
#946000000
b110110010 !
b110110010 %
1(
1,
b110110010 1
#947000000
b110110011 !
b110110011 %
0,
b110110011 1
#948000000
b110110100 !
b110110100 %
1(
1,
b110110100 1
#949000000
b110110101 !
b110110101 %
0(
0,
b110110101 1
#950000000
b110110110 !
b110110110 %
1(
1,
b110110110 1
#951000000
b110110111 !
b110110111 %
0,
b110110111 1
#952000000
b110111000 !
b110111000 %
1(
1,
b110111000 1
#953000000
b110111001 !
b110111001 %
0(
0,
b110111001 1
#954000000
b110111010 !
b110111010 %
1(
1,
b110111010 1
#955000000
b110111011 !
b110111011 %
0,
b110111011 1
#956000000
b110111100 !
b110111100 %
1(
1,
b110111100 1
#957000000
b110111101 !
b110111101 %
0(
0,
b110111101 1
#958000000
b110111110 !
b110111110 %
1(
1,
b110111110 1
#959000000
b110111111 !
b110111111 %
0,
b110111111 1
#960000000
b111000000 !
b111000000 %
1(
1,
1-
b111000000 1
#961000000
b111000001 !
b111000001 %
0(
0,
b111000001 1
#962000000
b111000010 !
b111000010 %
1(
1,
b111000010 1
#963000000
b111000011 !
b111000011 %
0,
b111000011 1
#964000000
b111000100 !
b111000100 %
1(
1,
0-
b111000100 1
#965000000
b111000101 !
b111000101 %
0(
0,
b111000101 1
#966000000
b111000110 !
b111000110 %
1(
1,
b111000110 1
#967000000
b111000111 !
b111000111 %
0,
b111000111 1
#968000000
b111001000 !
b111001000 %
1(
1,
b111001000 1
#969000000
b111001001 !
b111001001 %
0(
0,
b111001001 1
#970000000
b111001010 !
b111001010 %
1(
1,
b111001010 1
#971000000
b111001011 !
b111001011 %
0,
b111001011 1
#972000000
b111001100 !
b111001100 %
1(
1,
b111001100 1
#973000000
b111001101 !
b111001101 %
0(
0,
b111001101 1
#974000000
b111001110 !
b111001110 %
1(
1,
b111001110 1
#975000000
b111001111 !
b111001111 %
0,
b111001111 1
#976000000
b111010000 !
b111010000 %
1(
1,
b111010000 1
#977000000
b111010001 !
b111010001 %
0(
0,
b111010001 1
#978000000
b111010010 !
b111010010 %
1(
1,
b111010010 1
#979000000
b111010011 !
b111010011 %
0,
b111010011 1
#980000000
b111010100 !
b111010100 %
1(
1,
b111010100 1
#981000000
b111010101 !
b111010101 %
0(
0,
b111010101 1
#982000000
b111010110 !
b111010110 %
1(
1,
b111010110 1
#983000000
b111010111 !
b111010111 %
0,
b111010111 1
#984000000
b111011000 !
b111011000 %
1(
1,
b111011000 1
#985000000
b111011001 !
b111011001 %
0(
0,
b111011001 1
#986000000
b111011010 !
b111011010 %
1(
1,
b111011010 1
#987000000
b111011011 !
b111011011 %
0,
b111011011 1
#988000000
b111011100 !
b111011100 %
1(
1,
b111011100 1
#989000000
b111011101 !
b111011101 %
0(
0,
b111011101 1
#990000000
b111011110 !
b111011110 %
1(
1,
b111011110 1
#991000000
b111011111 !
b111011111 %
0,
b111011111 1
#992000000
b111100000 !
0#
0$
b111100000 %
0'
1(
0)
0+
1,
1-
1.
10
b111100000 1
03
#993000000
b111100001 !
b111100001 %
0(
0,
b111100001 1
#994000000
b111100010 !
b111100010 %
1(
1,
b111100010 1
#995000000
b111100011 !
b111100011 %
0,
b111100011 1
#996000000
b111100100 !
1#
1$
b111100100 %
1'
1(
1)
1,
0-
b111100100 1
13
#997000000
b111100101 !
b111100101 %
0(
0,
b111100101 1
#998000000
b111100110 !
b111100110 %
1(
1,
b111100110 1
#999000000
b111100111 !
b111100111 %
0,
b111100111 1
#1000000000
b111101000 !
b111101000 %
1(
1,
b111101000 1
#1001000000
b111101001 !
b111101001 %
0(
0,
b111101001 1
#1002000000
b111101010 !
b111101010 %
1(
1,
b111101010 1
#1003000000
b111101011 !
b111101011 %
0,
b111101011 1
#1004000000
b111101100 !
b111101100 %
1(
1,
b111101100 1
#1005000000
b111101101 !
b111101101 %
0(
0,
b111101101 1
#1006000000
b111101110 !
b111101110 %
1(
1,
b111101110 1
#1007000000
b111101111 !
b111101111 %
0,
b111101111 1
#1008000000
b111110000 !
b111110000 %
1(
1,
b111110000 1
#1009000000
b111110001 !
b111110001 %
0(
0,
b111110001 1
#1010000000
b111110010 !
b111110010 %
1(
1,
b111110010 1
#1011000000
b111110011 !
b111110011 %
0,
b111110011 1
#1012000000
b111110100 !
b111110100 %
1(
1,
b111110100 1
#1013000000
b111110101 !
b111110101 %
0(
0,
b111110101 1
#1014000000
b111110110 !
b111110110 %
1(
1,
b111110110 1
#1015000000
b111110111 !
b111110111 %
0,
b111110111 1
#1016000000
b111111000 !
b111111000 %
1(
1,
b111111000 1
#1017000000
b111111001 !
b111111001 %
0(
0,
b111111001 1
#1018000000
b111111010 !
b111111010 %
1(
1,
b111111010 1
#1019000000
b111111011 !
b111111011 %
0,
b111111011 1
#1020000000
b111111100 !
b111111100 %
1(
1,
b111111100 1
#1021000000
b111111101 !
b111111101 %
0(
0,
b111111101 1
#1022000000
b111111110 !
b111111110 %
1(
1,
b111111110 1
#1023000000
b111111111 !
b111111111 %
0,
b111111111 1
#1024000000
b000000000 !
b10 "
0#
0$
b000000000 %
b10 &
0'
1(
0*
0+
1,
1-
0.
0/
00
b000000000 1
b10 2
03
#1025000000
b000000001 !
b000000001 %
0(
0,
b000000001 1
#1026000000
b000000010 !
b000000010 %
1(
1,
b000000010 1
#1027000000
b000000011 !
b000000011 %
0,
b000000011 1
#1028000000
b000000100 !
b000000100 %
1(
1,
0-
b000000100 1
#1029000000
b000000101 !
b000000101 %
0(
0,
b000000101 1
#1030000000
b000000110 !
b000000110 %
1(
1,
b000000110 1
#1031000000
b000000111 !
b000000111 %
0,
b000000111 1
#1032000000
b000001000 !
b000001000 %
1(
1,
b000001000 1
#1033000000
b000001001 !
b000001001 %
0(
0,
b000001001 1
#1034000000
b000001010 !
b000001010 %
1(
1,
b000001010 1
#1035000000
b000001011 !
b000001011 %
0,
b000001011 1
#1036000000
b000001100 !
b000001100 %
1(
1,
b000001100 1
#1037000000
b000001101 !
b000001101 %
0(
0,
b000001101 1
#1038000000
b000001110 !
b000001110 %
1(
1,
b000001110 1
#1039000000
b000001111 !
b000001111 %
0,
b000001111 1
#1040000000
b000010000 !
b000010000 %
1(
1,
b000010000 1
#1041000000
b000010001 !
b000010001 %
0(
0,
b000010001 1
#1042000000
b000010010 !
b000010010 %
1(
1,
b000010010 1
#1043000000
b000010011 !
b000010011 %
0,
b000010011 1
#1044000000
b000010100 !
b000010100 %
1(
1,
b000010100 1
#1045000000
b000010101 !
b000010101 %
0(
0,
b000010101 1
#1046000000
b000010110 !
b000010110 %
1(
1,
b000010110 1
#1047000000
b000010111 !
b000010111 %
0,
b000010111 1
#1048000000
b000011000 !
b000011000 %
1(
1,
b000011000 1
#1049000000
b000011001 !
b000011001 %
0(
0,
b000011001 1
#1050000000
b000011010 !
b000011010 %
1(
1,
b000011010 1
#1051000000
b000011011 !
b000011011 %
0,
b000011011 1
#1052000000
b000011100 !
b000011100 %
1(
1,
b000011100 1
#1053000000
b000011101 !
b000011101 %
0(
0,
b000011101 1
#1054000000
b000011110 !
b000011110 %
1(
1,
b000011110 1
#1055000000
b000011111 !
b000011111 %
0,
b000011111 1
#1056000000
b000100000 !
b000100000 %
1(
0)
1,
1-
b000100000 1
#1057000000
b000100001 !
b000100001 %
0(
0,
b000100001 1
#1058000000
b000100010 !
b000100010 %
1(
1,
b000100010 1
#1059000000
b000100011 !
b000100011 %
0,
b000100011 1
#1060000000
b000100100 !
b000100100 %
1(
1)
1,
0-
b000100100 1
#1061000000
b000100101 !
b000100101 %
0(
0,
b000100101 1
#1062000000
b000100110 !
b000100110 %
1(
1,
b000100110 1
#1063000000
b000100111 !
b000100111 %
0,
b000100111 1
#1064000000
b000101000 !
b000101000 %
1(
1,
b000101000 1
#1065000000
b000101001 !
b000101001 %
0(
0,
b000101001 1
#1066000000
b000101010 !
b000101010 %
1(
1,
b000101010 1
#1067000000
b000101011 !
b000101011 %
0,
b000101011 1
#1068000000
b000101100 !
b000101100 %
1(
1,
b000101100 1
#1069000000
b000101101 !
b000101101 %
0(
0,
b000101101 1
#1070000000
b000101110 !
b000101110 %
1(
1,
b000101110 1
#1071000000
b000101111 !
b000101111 %
0,
b000101111 1
#1072000000
b000110000 !
b000110000 %
1(
1,
b000110000 1
#1073000000
b000110001 !
b000110001 %
0(
0,
b000110001 1
#1074000000
b000110010 !
b000110010 %
1(
1,
b000110010 1
#1075000000
b000110011 !
b000110011 %
0,
b000110011 1
#1076000000
b000110100 !
b000110100 %
1(
1,
b000110100 1
#1077000000
b000110101 !
b000110101 %
0(
0,
b000110101 1
#1078000000
b000110110 !
b000110110 %
1(
1,
b000110110 1
#1079000000
b000110111 !
b000110111 %
0,
b000110111 1
#1080000000
b000111000 !
b000111000 %
1(
1,
b000111000 1
#1081000000
b000111001 !
b000111001 %
0(
0,
b000111001 1
#1082000000
b000111010 !
b000111010 %
1(
1,
b000111010 1
#1083000000
b000111011 !
b000111011 %
0,
b000111011 1
#1084000000
b000111100 !
b000111100 %
1(
1,
b000111100 1
#1085000000
b000111101 !
b000111101 %
0(
0,
b000111101 1
#1086000000
b000111110 !
b000111110 %
1(
1,
b000111110 1
#1087000000
b000111111 !
b000111111 %
0,
b000111111 1
#1088000000
b001000000 !
b001000000 %
1(
1,
1-
b001000000 1
#1089000000
b001000001 !
b001000001 %
0(
0,
b001000001 1
#1090000000
b001000010 !
b001000010 %
1(
1,
b001000010 1
#1091000000
b001000011 !
b001000011 %
0,
b001000011 1
#1092000000
b001000100 !
b001000100 %
1(
1,
0-
b001000100 1
#1093000000
b001000101 !
b001000101 %
0(
0,
b001000101 1
#1094000000
b001000110 !
b001000110 %
1(
1,
b001000110 1
#1095000000
b001000111 !
b001000111 %
0,
b001000111 1
#1096000000
b001001000 !
b001001000 %
1(
1,
b001001000 1
#1097000000
b001001001 !
b001001001 %
0(
0,
b001001001 1
#1098000000
b001001010 !
b001001010 %
1(
1,
b001001010 1
#1099000000
b001001011 !
b001001011 %
0,
b001001011 1
#1100000000
b001001100 !
b001001100 %
1(
1,
b001001100 1
#1101000000
b001001101 !
b001001101 %
0(
0,
b001001101 1
#1102000000
b001001110 !
b001001110 %
1(
1,
b001001110 1
#1103000000
b001001111 !
b001001111 %
0,
b001001111 1
#1104000000
b001010000 !
b001010000 %
1(
1,
b001010000 1
#1105000000
b001010001 !
b001010001 %
0(
0,
b001010001 1
#1106000000
b001010010 !
b001010010 %
1(
1,
b001010010 1
#1107000000
b001010011 !
b001010011 %
0,
b001010011 1
#1108000000
b001010100 !
b001010100 %
1(
1,
b001010100 1
#1109000000
b001010101 !
b001010101 %
0(
0,
b001010101 1
#1110000000
b001010110 !
b001010110 %
1(
1,
b001010110 1
#1111000000
b001010111 !
b001010111 %
0,
b001010111 1
#1112000000
b001011000 !
b001011000 %
1(
1,
b001011000 1
#1113000000
b001011001 !
b001011001 %
0(
0,
b001011001 1
#1114000000
b001011010 !
b001011010 %
1(
1,
b001011010 1
#1115000000
b001011011 !
b001011011 %
0,
b001011011 1
#1116000000
b001011100 !
b001011100 %
1(
1,
b001011100 1
#1117000000
b001011101 !
b001011101 %
0(
0,
b001011101 1
#1118000000
b001011110 !
b001011110 %
1(
1,
b001011110 1
#1119000000
b001011111 !
b001011111 %
0,
b001011111 1
#1120000000
b001100000 !
1#
1$
b001100000 %
1'
1(
0)
1*
1,
1-
1.
b001100000 1
13
#1121000000
b001100001 !
b001100001 %
0(
0,
b001100001 1
#1122000000
b001100010 !
b001100010 %
1(
1,
b001100010 1
#1123000000
b001100011 !
b001100011 %
0,
b001100011 1
#1124000000
b001100100 !
b001100100 %
1(
1)
1,
0-
b001100100 1
#1125000000
b001100101 !
b001100101 %
0(
0,
b001100101 1
#1126000000
b001100110 !
b001100110 %
1(
1,
b001100110 1
#1127000000
b001100111 !
b001100111 %
0,
b001100111 1
#1128000000
b001101000 !
b001101000 %
1(
1,
b001101000 1
#1129000000
b001101001 !
b001101001 %
0(
0,
b001101001 1
#1130000000
b001101010 !
b001101010 %
1(
1,
b001101010 1
#1131000000
b001101011 !
b001101011 %
0,
b001101011 1
#1132000000
b001101100 !
b001101100 %
1(
1,
b001101100 1
#1133000000
b001101101 !
b001101101 %
0(
0,
b001101101 1
#1134000000
b001101110 !
b001101110 %
1(
1,
b001101110 1
#1135000000
b001101111 !
b001101111 %
0,
b001101111 1
#1136000000
b001110000 !
b001110000 %
1(
1,
b001110000 1
#1137000000
b001110001 !
b001110001 %
0(
0,
b001110001 1
#1138000000
b001110010 !
b001110010 %
1(
1,
b001110010 1
#1139000000
b001110011 !
b001110011 %
0,
b001110011 1
#1140000000
b001110100 !
b001110100 %
1(
1,
b001110100 1
#1141000000
b001110101 !
b001110101 %
0(
0,
b001110101 1
#1142000000
b001110110 !
b001110110 %
1(
1,
b001110110 1
#1143000000
b001110111 !
b001110111 %
0,
b001110111 1
#1144000000
b001111000 !
b001111000 %
1(
1,
b001111000 1
#1145000000
b001111001 !
b001111001 %
0(
0,
b001111001 1
#1146000000
b001111010 !
b001111010 %
1(
1,
b001111010 1
#1147000000
b001111011 !
b001111011 %
0,
b001111011 1
#1148000000
b001111100 !
b001111100 %
1(
1,
b001111100 1
#1149000000
b001111101 !
b001111101 %
0(
0,
b001111101 1
#1150000000
b001111110 !
b001111110 %
1(
1,
b001111110 1
#1151000000
b001111111 !
b001111111 %
0,
b001111111 1
#1152000000
b010000000 !
0#
0$
b010000000 %
0'
1(
0*
1,
1-
0.
b010000000 1
03
#1153000000
b010000001 !
b010000001 %
0(
0,
b010000001 1
#1154000000
b010000010 !
b010000010 %
1(
1,
b010000010 1
#1155000000
b010000011 !
b010000011 %
0,
b010000011 1
#1156000000
b010000100 !
b010000100 %
1(
1,
0-
b010000100 1
#1157000000
b010000101 !
b010000101 %
0(
0,
b010000101 1
#1158000000
b010000110 !
b010000110 %
1(
1,
b010000110 1
#1159000000
b010000111 !
b010000111 %
0,
b010000111 1
#1160000000
b010001000 !
b010001000 %
1(
1,
b010001000 1
#1161000000
b010001001 !
b010001001 %
0(
0,
b010001001 1
#1162000000
b010001010 !
b010001010 %
1(
1,
b010001010 1
#1163000000
b010001011 !
b010001011 %
0,
b010001011 1
#1164000000
b010001100 !
b010001100 %
1(
1,
b010001100 1
#1165000000
b010001101 !
b010001101 %
0(
0,
b010001101 1
#1166000000
b010001110 !
b010001110 %
1(
1,
b010001110 1
#1167000000
b010001111 !
b010001111 %
0,
b010001111 1
#1168000000
b010010000 !
b010010000 %
1(
1,
b010010000 1
#1169000000
b010010001 !
b010010001 %
0(
0,
b010010001 1
#1170000000
b010010010 !
b010010010 %
1(
1,
b010010010 1
#1171000000
b010010011 !
b010010011 %
0,
b010010011 1
#1172000000
b010010100 !
b010010100 %
1(
1,
b010010100 1
#1173000000
b010010101 !
b010010101 %
0(
0,
b010010101 1
#1174000000
b010010110 !
b010010110 %
1(
1,
b010010110 1
#1175000000
b010010111 !
b010010111 %
0,
b010010111 1
#1176000000
b010011000 !
b010011000 %
1(
1,
b010011000 1
#1177000000
b010011001 !
b010011001 %
0(
0,
b010011001 1
#1178000000
b010011010 !
b010011010 %
1(
1,
b010011010 1
#1179000000
b010011011 !
b010011011 %
0,
b010011011 1
#1180000000
b010011100 !
b010011100 %
1(
1,
b010011100 1
#1181000000
b010011101 !
b010011101 %
0(
0,
b010011101 1
#1182000000
b010011110 !
b010011110 %
1(
1,
b010011110 1
#1183000000
b010011111 !
b010011111 %
0,
b010011111 1
#1184000000
b010100000 !
b010100000 %
1(
0)
1,
1-
b010100000 1
#1185000000
b010100001 !
b010100001 %
0(
0,
b010100001 1
#1186000000
b010100010 !
b010100010 %
1(
1,
b010100010 1
#1187000000
b010100011 !
b010100011 %
0,
b010100011 1
#1188000000
b010100100 !
b010100100 %
1(
1)
1,
0-
b010100100 1
#1189000000
b010100101 !
b010100101 %
0(
0,
b010100101 1
#1190000000
b010100110 !
b010100110 %
1(
1,
b010100110 1
#1191000000
b010100111 !
b010100111 %
0,
b010100111 1
#1192000000
b010101000 !
b010101000 %
1(
1,
b010101000 1
#1193000000
b010101001 !
b010101001 %
0(
0,
b010101001 1
#1194000000
b010101010 !
b010101010 %
1(
1,
b010101010 1
#1195000000
b010101011 !
b010101011 %
0,
b010101011 1
#1196000000
b010101100 !
b010101100 %
1(
1,
b010101100 1
#1197000000
b010101101 !
b010101101 %
0(
0,
b010101101 1
#1198000000
b010101110 !
b010101110 %
1(
1,
b010101110 1
#1199000000
b010101111 !
b010101111 %
0,
b010101111 1
#1200000000
b010110000 !
b010110000 %
1(
1,
b010110000 1
#1201000000
b010110001 !
b010110001 %
0(
0,
b010110001 1
#1202000000
b010110010 !
b010110010 %
1(
1,
b010110010 1
#1203000000
b010110011 !
b010110011 %
0,
b010110011 1
#1204000000
b010110100 !
b010110100 %
1(
1,
b010110100 1
#1205000000
b010110101 !
b010110101 %
0(
0,
b010110101 1
#1206000000
b010110110 !
b010110110 %
1(
1,
b010110110 1
#1207000000
b010110111 !
b010110111 %
0,
b010110111 1
#1208000000
b010111000 !
b010111000 %
1(
1,
b010111000 1
#1209000000
b010111001 !
b010111001 %
0(
0,
b010111001 1
#1210000000
b010111010 !
b010111010 %
1(
1,
b010111010 1
#1211000000
b010111011 !
b010111011 %
0,
b010111011 1
#1212000000
b010111100 !
b010111100 %
1(
1,
b010111100 1
#1213000000
b010111101 !
b010111101 %
0(
0,
b010111101 1
#1214000000
b010111110 !
b010111110 %
1(
1,
b010111110 1
#1215000000
b010111111 !
b010111111 %
0,
b010111111 1
#1216000000
b011000000 !
b011000000 %
1(
1,
1-
b011000000 1
#1217000000
b011000001 !
b011000001 %
0(
0,
b011000001 1
#1218000000
b011000010 !
b011000010 %
1(
1,
b011000010 1
#1219000000
b011000011 !
b011000011 %
0,
b011000011 1
#1220000000
b011000100 !
b011000100 %
1(
1,
0-
b011000100 1
#1221000000
b011000101 !
b011000101 %
0(
0,
b011000101 1
#1222000000
b011000110 !
b011000110 %
1(
1,
b011000110 1
#1223000000
b011000111 !
b011000111 %
0,
b011000111 1
#1224000000
b011001000 !
b011001000 %
1(
1,
b011001000 1
#1225000000
b011001001 !
b011001001 %
0(
0,
b011001001 1
#1226000000
b011001010 !
b011001010 %
1(
1,
b011001010 1
#1227000000
b011001011 !
b011001011 %
0,
b011001011 1
#1228000000
b011001100 !
b011001100 %
1(
1,
b011001100 1
#1229000000
b011001101 !
b011001101 %
0(
0,
b011001101 1
#1230000000
b011001110 !
b011001110 %
1(
1,
b011001110 1
#1231000000
b011001111 !
b011001111 %
0,
b011001111 1
#1232000000
b011010000 !
b011010000 %
1(
1,
b011010000 1
#1233000000
b011010001 !
b011010001 %
0(
0,
b011010001 1
#1234000000
b011010010 !
b011010010 %
1(
1,
b011010010 1
#1235000000
b011010011 !
b011010011 %
0,
b011010011 1
#1236000000
b011010100 !
b011010100 %
1(
1,
b011010100 1
#1237000000
b011010101 !
b011010101 %
0(
0,
b011010101 1
#1238000000
b011010110 !
b011010110 %
1(
1,
b011010110 1
#1239000000
b011010111 !
b011010111 %
0,
b011010111 1
#1240000000
b011011000 !
b011011000 %
1(
1,
b011011000 1
#1241000000
b011011001 !
b011011001 %
0(
0,
b011011001 1
#1242000000
b011011010 !
b011011010 %
1(
1,
b011011010 1
#1243000000
b011011011 !
b011011011 %
0,
b011011011 1
#1244000000
b011011100 !
b011011100 %
1(
1,
b011011100 1
#1245000000
b011011101 !
b011011101 %
0(
0,
b011011101 1
#1246000000
b011011110 !
b011011110 %
1(
1,
b011011110 1
#1247000000
b011011111 !
b011011111 %
0,
b011011111 1
#1248000000
b011100000 !
1#
1$
b011100000 %
1'
1(
0)
1*
1+
1,
1-
1.
10
b011100000 1
13
#1249000000
b011100001 !
b011100001 %
0(
0,
b011100001 1
#1250000000
b011100010 !
b011100010 %
1(
1,
b011100010 1
#1251000000
b011100011 !
b011100011 %
0,
b011100011 1
#1252000000
b011100100 !
b011100100 %
1(
1)
1,
0-
b011100100 1
#1253000000
b011100101 !
b011100101 %
0(
0,
b011100101 1
#1254000000
b011100110 !
b011100110 %
1(
1,
b011100110 1
#1255000000
b011100111 !
b011100111 %
0,
b011100111 1
#1256000000
b011101000 !
b011101000 %
1(
1,
b011101000 1
#1257000000
b011101001 !
b011101001 %
0(
0,
b011101001 1
#1258000000
b011101010 !
b011101010 %
1(
1,
b011101010 1
#1259000000
b011101011 !
b011101011 %
0,
b011101011 1
#1260000000
b011101100 !
b011101100 %
1(
1,
b011101100 1
#1261000000
b011101101 !
b011101101 %
0(
0,
b011101101 1
#1262000000
b011101110 !
b011101110 %
1(
1,
b011101110 1
#1263000000
b011101111 !
b011101111 %
0,
b011101111 1
#1264000000
b011110000 !
b011110000 %
1(
1,
b011110000 1
#1265000000
b011110001 !
b011110001 %
0(
0,
b011110001 1
#1266000000
b011110010 !
b011110010 %
1(
1,
b011110010 1
#1267000000
b011110011 !
b011110011 %
0,
b011110011 1
#1268000000
b011110100 !
b011110100 %
1(
1,
b011110100 1
#1269000000
b011110101 !
b011110101 %
0(
0,
b011110101 1
#1270000000
b011110110 !
b011110110 %
1(
1,
b011110110 1
#1271000000
b011110111 !
b011110111 %
0,
b011110111 1
#1272000000
b011111000 !
b011111000 %
1(
1,
b011111000 1
#1273000000
b011111001 !
b011111001 %
0(
0,
b011111001 1
#1274000000
b011111010 !
b011111010 %
1(
1,
b011111010 1
#1275000000
b011111011 !
b011111011 %
0,
b011111011 1
#1276000000
b011111100 !
b011111100 %
1(
1,
b011111100 1
#1277000000
b011111101 !
b011111101 %
0(
0,
b011111101 1
#1278000000
b011111110 !
b011111110 %
1(
1,
b011111110 1
#1279000000
b011111111 !
b011111111 %
0,
b011111111 1
#1280000000
b100000000 !
0#
0$
b100000000 %
0'
1(
0*
1+
1,
1-
0.
00
b100000000 1
03
#1281000000
b100000001 !
b100000001 %
0(
0,
b100000001 1
#1282000000
b100000010 !
b100000010 %
1(
1,
b100000010 1
#1283000000
b100000011 !
b100000011 %
0,
b100000011 1
#1284000000
b100000100 !
b100000100 %
1(
1,
0-
b100000100 1
#1285000000
b100000101 !
b100000101 %
0(
0,
b100000101 1
#1286000000
b100000110 !
b100000110 %
1(
1,
b100000110 1
#1287000000
b100000111 !
b100000111 %
0,
b100000111 1
#1288000000
b100001000 !
b100001000 %
1(
1,
b100001000 1
#1289000000
b100001001 !
b100001001 %
0(
0,
b100001001 1
#1290000000
b100001010 !
b100001010 %
1(
1,
b100001010 1
#1291000000
b100001011 !
b100001011 %
0,
b100001011 1
#1292000000
b100001100 !
b100001100 %
1(
1,
b100001100 1
#1293000000
b100001101 !
b100001101 %
0(
0,
b100001101 1
#1294000000
b100001110 !
b100001110 %
1(
1,
b100001110 1
#1295000000
b100001111 !
b100001111 %
0,
b100001111 1
#1296000000
b100010000 !
b100010000 %
1(
1,
b100010000 1
#1297000000
b100010001 !
b100010001 %
0(
0,
b100010001 1
#1298000000
b100010010 !
b100010010 %
1(
1,
b100010010 1
#1299000000
b100010011 !
b100010011 %
0,
b100010011 1
#1300000000
b100010100 !
b100010100 %
1(
1,
b100010100 1
#1301000000
b100010101 !
b100010101 %
0(
0,
b100010101 1
#1302000000
b100010110 !
b100010110 %
1(
1,
b100010110 1
#1303000000
b100010111 !
b100010111 %
0,
b100010111 1
#1304000000
b100011000 !
b100011000 %
1(
1,
b100011000 1
#1305000000
b100011001 !
b100011001 %
0(
0,
b100011001 1
#1306000000
b100011010 !
b100011010 %
1(
1,
b100011010 1
#1307000000
b100011011 !
b100011011 %
0,
b100011011 1
#1308000000
b100011100 !
b100011100 %
1(
1,
b100011100 1
#1309000000
b100011101 !
b100011101 %
0(
0,
b100011101 1
#1310000000
b100011110 !
b100011110 %
1(
1,
b100011110 1
#1311000000
b100011111 !
b100011111 %
0,
b100011111 1
#1312000000
b100100000 !
b100100000 %
1(
0)
1,
1-
b100100000 1
#1313000000
b100100001 !
b100100001 %
0(
0,
b100100001 1
#1314000000
b100100010 !
b100100010 %
1(
1,
b100100010 1
#1315000000
b100100011 !
b100100011 %
0,
b100100011 1
#1316000000
b100100100 !
b100100100 %
1(
1)
1,
0-
b100100100 1
#1317000000
b100100101 !
b100100101 %
0(
0,
b100100101 1
#1318000000
b100100110 !
b100100110 %
1(
1,
b100100110 1
#1319000000
b100100111 !
b100100111 %
0,
b100100111 1
#1320000000
b100101000 !
b100101000 %
1(
1,
b100101000 1
#1321000000
b100101001 !
b100101001 %
0(
0,
b100101001 1
#1322000000
b100101010 !
b100101010 %
1(
1,
b100101010 1
#1323000000
b100101011 !
b100101011 %
0,
b100101011 1
#1324000000
b100101100 !
b100101100 %
1(
1,
b100101100 1
#1325000000
b100101101 !
b100101101 %
0(
0,
b100101101 1
#1326000000
b100101110 !
b100101110 %
1(
1,
b100101110 1
#1327000000
b100101111 !
b100101111 %
0,
b100101111 1
#1328000000
b100110000 !
b100110000 %
1(
1,
b100110000 1
#1329000000
b100110001 !
b100110001 %
0(
0,
b100110001 1
#1330000000
b100110010 !
b100110010 %
1(
1,
b100110010 1
#1331000000
b100110011 !
b100110011 %
0,
b100110011 1
#1332000000
b100110100 !
b100110100 %
1(
1,
b100110100 1
#1333000000
b100110101 !
b100110101 %
0(
0,
b100110101 1
#1334000000
b100110110 !
b100110110 %
1(
1,
b100110110 1
#1335000000
b100110111 !
b100110111 %
0,
b100110111 1
#1336000000
b100111000 !
b100111000 %
1(
1,
b100111000 1
#1337000000
b100111001 !
b100111001 %
0(
0,
b100111001 1
#1338000000
b100111010 !
b100111010 %
1(
1,
b100111010 1
#1339000000
b100111011 !
b100111011 %
0,
b100111011 1
#1340000000
b100111100 !
b100111100 %
1(
1,
b100111100 1
#1341000000
b100111101 !
b100111101 %
0(
0,
b100111101 1
#1342000000
b100111110 !
b100111110 %
1(
1,
b100111110 1
#1343000000
b100111111 !
b100111111 %
0,
b100111111 1
#1344000000
b101000000 !
b101000000 %
1(
1,
1-
b101000000 1
#1345000000
b101000001 !
b101000001 %
0(
0,
b101000001 1
#1346000000
b101000010 !
b101000010 %
1(
1,
b101000010 1
#1347000000
b101000011 !
b101000011 %
0,
b101000011 1
#1348000000
b101000100 !
b101000100 %
1(
1,
0-
b101000100 1
#1349000000
b101000101 !
b101000101 %
0(
0,
b101000101 1
#1350000000
b101000110 !
b101000110 %
1(
1,
b101000110 1
#1351000000
b101000111 !
b101000111 %
0,
b101000111 1
#1352000000
b101001000 !
b101001000 %
1(
1,
b101001000 1
#1353000000
b101001001 !
b101001001 %
0(
0,
b101001001 1
#1354000000
b101001010 !
b101001010 %
1(
1,
b101001010 1
#1355000000
b101001011 !
b101001011 %
0,
b101001011 1
#1356000000
b101001100 !
b101001100 %
1(
1,
b101001100 1
#1357000000
b101001101 !
b101001101 %
0(
0,
b101001101 1
#1358000000
b101001110 !
b101001110 %
1(
1,
b101001110 1
#1359000000
b101001111 !
b101001111 %
0,
b101001111 1
#1360000000
b101010000 !
b101010000 %
1(
1,
b101010000 1
#1361000000
b101010001 !
b101010001 %
0(
0,
b101010001 1
#1362000000
b101010010 !
b101010010 %
1(
1,
b101010010 1
#1363000000
b101010011 !
b101010011 %
0,
b101010011 1
#1364000000
b101010100 !
b101010100 %
1(
1,
b101010100 1
#1365000000
b101010101 !
b101010101 %
0(
0,
b101010101 1
#1366000000
b101010110 !
b101010110 %
1(
1,
b101010110 1
#1367000000
b101010111 !
b101010111 %
0,
b101010111 1
#1368000000
b101011000 !
b101011000 %
1(
1,
b101011000 1
#1369000000
b101011001 !
b101011001 %
0(
0,
b101011001 1
#1370000000
b101011010 !
b101011010 %
1(
1,
b101011010 1
#1371000000
b101011011 !
b101011011 %
0,
b101011011 1
#1372000000
b101011100 !
b101011100 %
1(
1,
b101011100 1
#1373000000
b101011101 !
b101011101 %
0(
0,
b101011101 1
#1374000000
b101011110 !
b101011110 %
1(
1,
b101011110 1
#1375000000
b101011111 !
b101011111 %
0,
b101011111 1
#1376000000
b101100000 !
1#
1$
b101100000 %
1'
1(
0)
1*
1,
1-
1.
b101100000 1
13
#1377000000
b101100001 !
b101100001 %
0(
0,
b101100001 1
#1378000000
b101100010 !
b101100010 %
1(
1,
b101100010 1
#1379000000
b101100011 !
b101100011 %
0,
b101100011 1
#1380000000
b101100100 !
b101100100 %
1(
1)
1,
0-
b101100100 1
#1381000000
b101100101 !
b101100101 %
0(
0,
b101100101 1
#1382000000
b101100110 !
b101100110 %
1(
1,
b101100110 1
#1383000000
b101100111 !
b101100111 %
0,
b101100111 1
#1384000000
b101101000 !
b101101000 %
1(
1,
b101101000 1
#1385000000
b101101001 !
b101101001 %
0(
0,
b101101001 1
#1386000000
b101101010 !
b101101010 %
1(
1,
b101101010 1
#1387000000
b101101011 !
b101101011 %
0,
b101101011 1
#1388000000
b101101100 !
b101101100 %
1(
1,
b101101100 1
#1389000000
b101101101 !
b101101101 %
0(
0,
b101101101 1
#1390000000
b101101110 !
b101101110 %
1(
1,
b101101110 1
#1391000000
b101101111 !
b101101111 %
0,
b101101111 1
#1392000000
b101110000 !
b101110000 %
1(
1,
b101110000 1
#1393000000
b101110001 !
b101110001 %
0(
0,
b101110001 1
#1394000000
b101110010 !
b101110010 %
1(
1,
b101110010 1
#1395000000
b101110011 !
b101110011 %
0,
b101110011 1
#1396000000
b101110100 !
b101110100 %
1(
1,
b101110100 1
#1397000000
b101110101 !
b101110101 %
0(
0,
b101110101 1
#1398000000
b101110110 !
b101110110 %
1(
1,
b101110110 1
#1399000000
b101110111 !
b101110111 %
0,
b101110111 1
#1400000000
b101111000 !
b101111000 %
1(
1,
b101111000 1
#1401000000
b101111001 !
b101111001 %
0(
0,
b101111001 1
#1402000000
b101111010 !
b101111010 %
1(
1,
b101111010 1
#1403000000
b101111011 !
b101111011 %
0,
b101111011 1
#1404000000
b101111100 !
b101111100 %
1(
1,
b101111100 1
#1405000000
b101111101 !
b101111101 %
0(
0,
b101111101 1
#1406000000
b101111110 !
b101111110 %
1(
1,
b101111110 1
#1407000000
b101111111 !
b101111111 %
0,
b101111111 1
#1408000000
b110000000 !
b110000000 %
1(
1,
1-
0.
1/
b110000000 1
#1409000000
b110000001 !
b110000001 %
0(
0,
b110000001 1
#1410000000
b110000010 !
b110000010 %
1(
1,
b110000010 1
#1411000000
b110000011 !
b110000011 %
0,
b110000011 1
#1412000000
b110000100 !
b110000100 %
1(
1,
0-
b110000100 1
#1413000000
b110000101 !
b110000101 %
0(
0,
b110000101 1
#1414000000
b110000110 !
b110000110 %
1(
1,
b110000110 1
#1415000000
b110000111 !
b110000111 %
0,
b110000111 1
#1416000000
b110001000 !
b110001000 %
1(
1,
b110001000 1
#1417000000
b110001001 !
b110001001 %
0(
0,
b110001001 1
#1418000000
b110001010 !
b110001010 %
1(
1,
b110001010 1
#1419000000
b110001011 !
b110001011 %
0,
b110001011 1
#1420000000
b110001100 !
b110001100 %
1(
1,
b110001100 1
#1421000000
b110001101 !
b110001101 %
0(
0,
b110001101 1
#1422000000
b110001110 !
b110001110 %
1(
1,
b110001110 1
#1423000000
b110001111 !
b110001111 %
0,
b110001111 1
#1424000000
b110010000 !
b110010000 %
1(
1,
b110010000 1
#1425000000
b110010001 !
b110010001 %
0(
0,
b110010001 1
#1426000000
b110010010 !
b110010010 %
1(
1,
b110010010 1
#1427000000
b110010011 !
b110010011 %
0,
b110010011 1
#1428000000
b110010100 !
b110010100 %
1(
1,
b110010100 1
#1429000000
b110010101 !
b110010101 %
0(
0,
b110010101 1
#1430000000
b110010110 !
b110010110 %
1(
1,
b110010110 1
#1431000000
b110010111 !
b110010111 %
0,
b110010111 1
#1432000000
b110011000 !
b110011000 %
1(
1,
b110011000 1
#1433000000
b110011001 !
b110011001 %
0(
0,
b110011001 1
#1434000000
b110011010 !
b110011010 %
1(
1,
b110011010 1
#1435000000
b110011011 !
b110011011 %
0,
b110011011 1
#1436000000
b110011100 !
b110011100 %
1(
1,
b110011100 1
#1437000000
b110011101 !
b110011101 %
0(
0,
b110011101 1
#1438000000
b110011110 !
b110011110 %
1(
1,
b110011110 1
#1439000000
b110011111 !
b110011111 %
0,
b110011111 1
#1440000000
b110100000 !
b110100000 %
1(
0)
1,
1-
b110100000 1
#1441000000
b110100001 !
b110100001 %
0(
0,
b110100001 1
#1442000000
b110100010 !
b110100010 %
1(
1,
b110100010 1
#1443000000
b110100011 !
b110100011 %
0,
b110100011 1
#1444000000
b110100100 !
b110100100 %
1(
1)
1,
0-
b110100100 1
#1445000000
b110100101 !
b110100101 %
0(
0,
b110100101 1
#1446000000
b110100110 !
b110100110 %
1(
1,
b110100110 1
#1447000000
b110100111 !
b110100111 %
0,
b110100111 1
#1448000000
b110101000 !
b110101000 %
1(
1,
b110101000 1
#1449000000
b110101001 !
b110101001 %
0(
0,
b110101001 1
#1450000000
b110101010 !
b110101010 %
1(
1,
b110101010 1
#1451000000
b110101011 !
b110101011 %
0,
b110101011 1
#1452000000
b110101100 !
b110101100 %
1(
1,
b110101100 1
#1453000000
b110101101 !
b110101101 %
0(
0,
b110101101 1
#1454000000
b110101110 !
b110101110 %
1(
1,
b110101110 1
#1455000000
b110101111 !
b110101111 %
0,
b110101111 1
#1456000000
b110110000 !
b110110000 %
1(
1,
b110110000 1
#1457000000
b110110001 !
b110110001 %
0(
0,
b110110001 1
#1458000000
b110110010 !
b110110010 %
1(
1,
b110110010 1
#1459000000
b110110011 !
b110110011 %
0,
b110110011 1
#1460000000
b110110100 !
b110110100 %
1(
1,
b110110100 1
#1461000000
b110110101 !
b110110101 %
0(
0,
b110110101 1
#1462000000
b110110110 !
b110110110 %
1(
1,
b110110110 1
#1463000000
b110110111 !
b110110111 %
0,
b110110111 1
#1464000000
b110111000 !
b110111000 %
1(
1,
b110111000 1
#1465000000
b110111001 !
b110111001 %
0(
0,
b110111001 1
#1466000000
b110111010 !
b110111010 %
1(
1,
b110111010 1
#1467000000
b110111011 !
b110111011 %
0,
b110111011 1
#1468000000
b110111100 !
b110111100 %
1(
1,
b110111100 1
#1469000000
b110111101 !
b110111101 %
0(
0,
b110111101 1
#1470000000
b110111110 !
b110111110 %
1(
1,
b110111110 1
#1471000000
b110111111 !
b110111111 %
0,
b110111111 1
#1472000000
b111000000 !
b111000000 %
1(
1,
1-
b111000000 1
#1473000000
b111000001 !
b111000001 %
0(
0,
b111000001 1
#1474000000
b111000010 !
b111000010 %
1(
1,
b111000010 1
#1475000000
b111000011 !
b111000011 %
0,
b111000011 1
#1476000000
b111000100 !
b111000100 %
1(
1,
0-
b111000100 1
#1477000000
b111000101 !
b111000101 %
0(
0,
b111000101 1
#1478000000
b111000110 !
b111000110 %
1(
1,
b111000110 1
#1479000000
b111000111 !
b111000111 %
0,
b111000111 1
#1480000000
b111001000 !
b111001000 %
1(
1,
b111001000 1
#1481000000
b111001001 !
b111001001 %
0(
0,
b111001001 1
#1482000000
b111001010 !
b111001010 %
1(
1,
b111001010 1
#1483000000
b111001011 !
b111001011 %
0,
b111001011 1
#1484000000
b111001100 !
b111001100 %
1(
1,
b111001100 1
#1485000000
b111001101 !
b111001101 %
0(
0,
b111001101 1
#1486000000
b111001110 !
b111001110 %
1(
1,
b111001110 1
#1487000000
b111001111 !
b111001111 %
0,
b111001111 1
#1488000000
b111010000 !
b111010000 %
1(
1,
b111010000 1
#1489000000
b111010001 !
b111010001 %
0(
0,
b111010001 1
#1490000000
b111010010 !
b111010010 %
1(
1,
b111010010 1
#1491000000
b111010011 !
b111010011 %
0,
b111010011 1
#1492000000
b111010100 !
b111010100 %
1(
1,
b111010100 1
#1493000000
b111010101 !
b111010101 %
0(
0,
b111010101 1
#1494000000
b111010110 !
b111010110 %
1(
1,
b111010110 1
#1495000000
b111010111 !
b111010111 %
0,
b111010111 1
#1496000000
b111011000 !
b111011000 %
1(
1,
b111011000 1
#1497000000
b111011001 !
b111011001 %
0(
0,
b111011001 1
#1498000000
b111011010 !
b111011010 %
1(
1,
b111011010 1
#1499000000
b111011011 !
b111011011 %
0,
b111011011 1
#1500000000
b111011100 !
b111011100 %
1(
1,
b111011100 1
#1501000000
b111011101 !
b111011101 %
0(
0,
b111011101 1
#1502000000
b111011110 !
b111011110 %
1(
1,
b111011110 1
#1503000000
b111011111 !
b111011111 %
0,
b111011111 1
#1504000000
b111100000 !
b111100000 %
1(
0)
0+
1,
1-
1.
10
b111100000 1
#1505000000
b111100001 !
b111100001 %
0(
0,
b111100001 1
#1506000000
b111100010 !
b111100010 %
1(
1,
b111100010 1
#1507000000
b111100011 !
b111100011 %
0,
b111100011 1
#1508000000
b111100100 !
b111100100 %
1(
1)
1,
0-
b111100100 1
#1509000000
b111100101 !
b111100101 %
0(
0,
b111100101 1
#1510000000
b111100110 !
b111100110 %
1(
1,
b111100110 1
#1511000000
b111100111 !
b111100111 %
0,
b111100111 1
#1512000000
b111101000 !
b111101000 %
1(
1,
b111101000 1
#1513000000
b111101001 !
b111101001 %
0(
0,
b111101001 1
#1514000000
b111101010 !
b111101010 %
1(
1,
b111101010 1
#1515000000
b111101011 !
b111101011 %
0,
b111101011 1
#1516000000
b111101100 !
b111101100 %
1(
1,
b111101100 1
#1517000000
b111101101 !
b111101101 %
0(
0,
b111101101 1
#1518000000
b111101110 !
b111101110 %
1(
1,
b111101110 1
#1519000000
b111101111 !
b111101111 %
0,
b111101111 1
#1520000000
b111110000 !
b111110000 %
1(
1,
b111110000 1
#1521000000
b111110001 !
b111110001 %
0(
0,
b111110001 1
#1522000000
b111110010 !
b111110010 %
1(
1,
b111110010 1
#1523000000
b111110011 !
b111110011 %
0,
b111110011 1
#1524000000
b111110100 !
b111110100 %
1(
1,
b111110100 1
#1525000000
b111110101 !
b111110101 %
0(
0,
b111110101 1
#1526000000
b111110110 !
b111110110 %
1(
1,
b111110110 1
#1527000000
b111110111 !
b111110111 %
0,
b111110111 1
#1528000000
b111111000 !
b111111000 %
1(
1,
b111111000 1
#1529000000
b111111001 !
b111111001 %
0(
0,
b111111001 1
#1530000000
b111111010 !
b111111010 %
1(
1,
b111111010 1
#1531000000
b111111011 !
b111111011 %
0,
b111111011 1
#1532000000
b111111100 !
b111111100 %
1(
1,
b111111100 1
#1533000000
b111111101 !
b111111101 %
0(
0,
b111111101 1
#1534000000
b111111110 !
b111111110 %
1(
1,
b111111110 1
#1535000000
b111111111 !
b111111111 %
0,
b111111111 1
#1536000000
b000000000 !
b11 "
0#
0$
b000000000 %
b11 &
0'
1(
0*
0+
1,
1-
0.
0/
00
b000000000 1
b11 2
03
#1537000000
b000000001 !
b000000001 %
0(
0,
b000000001 1
#1538000000
b000000010 !
b000000010 %
1(
1,
b000000010 1
#1539000000
b000000011 !
b000000011 %
0,
b000000011 1
#1540000000
b000000100 !
b000000100 %
1(
1,
0-
b000000100 1
#1541000000
b000000101 !
b000000101 %
0(
0,
b000000101 1
#1542000000
b000000110 !
b000000110 %
1(
1,
b000000110 1
#1543000000
b000000111 !
b000000111 %
0,
b000000111 1
#1544000000
b000001000 !
b000001000 %
1(
1,
b000001000 1
#1545000000
b000001001 !
b000001001 %
0(
0,
b000001001 1
#1546000000
b000001010 !
b000001010 %
1(
1,
b000001010 1
#1547000000
b000001011 !
b000001011 %
0,
b000001011 1
#1548000000
b000001100 !
b000001100 %
1(
1,
b000001100 1
#1549000000
b000001101 !
b000001101 %
0(
0,
b000001101 1
#1550000000
b000001110 !
b000001110 %
1(
1,
b000001110 1
#1551000000
b000001111 !
b000001111 %
0,
b000001111 1
#1552000000
b000010000 !
b000010000 %
1(
1,
b000010000 1
#1553000000
b000010001 !
b000010001 %
0(
0,
b000010001 1
#1554000000
b000010010 !
b000010010 %
1(
1,
b000010010 1
#1555000000
b000010011 !
b000010011 %
0,
b000010011 1
#1556000000
b000010100 !
b000010100 %
1(
1,
b000010100 1
#1557000000
b000010101 !
b000010101 %
0(
0,
b000010101 1
#1558000000
b000010110 !
b000010110 %
1(
1,
b000010110 1
#1559000000
b000010111 !
b000010111 %
0,
b000010111 1
#1560000000
b000011000 !
b000011000 %
1(
1,
b000011000 1
#1561000000
b000011001 !
b000011001 %
0(
0,
b000011001 1
#1562000000
b000011010 !
b000011010 %
1(
1,
b000011010 1
#1563000000
b000011011 !
b000011011 %
0,
b000011011 1
#1564000000
b000011100 !
b000011100 %
1(
1,
b000011100 1
#1565000000
b000011101 !
b000011101 %
0(
0,
b000011101 1
#1566000000
b000011110 !
b000011110 %
1(
1,
b000011110 1
#1567000000
b000011111 !
b000011111 %
0,
b000011111 1
#1568000000
b000100000 !
b000100000 %
1(
0)
1,
1-
b000100000 1
#1569000000
b000100001 !
b000100001 %
0(
0,
b000100001 1
#1570000000
b000100010 !
b000100010 %
1(
1,
b000100010 1
#1571000000
b000100011 !
b000100011 %
0,
b000100011 1
#1572000000
b000100100 !
b000100100 %
1(
1)
1,
0-
b000100100 1
#1573000000
b000100101 !
b000100101 %
0(
0,
b000100101 1
#1574000000
b000100110 !
b000100110 %
1(
1,
b000100110 1
#1575000000
b000100111 !
b000100111 %
0,
b000100111 1
#1576000000
b000101000 !
b000101000 %
1(
1,
b000101000 1
#1577000000
b000101001 !
b000101001 %
0(
0,
b000101001 1
#1578000000
b000101010 !
b000101010 %
1(
1,
b000101010 1
#1579000000
b000101011 !
b000101011 %
0,
b000101011 1
#1580000000
b000101100 !
b000101100 %
1(
1,
b000101100 1
#1581000000
b000101101 !
b000101101 %
0(
0,
b000101101 1
#1582000000
b000101110 !
b000101110 %
1(
1,
b000101110 1
#1583000000
b000101111 !
b000101111 %
0,
b000101111 1
#1584000000
b000110000 !
b000110000 %
1(
1,
b000110000 1
#1585000000
b000110001 !
b000110001 %
0(
0,
b000110001 1
#1586000000
b000110010 !
b000110010 %
1(
1,
b000110010 1
#1587000000
b000110011 !
b000110011 %
0,
b000110011 1
#1588000000
b000110100 !
b000110100 %
1(
1,
b000110100 1
#1589000000
b000110101 !
b000110101 %
0(
0,
b000110101 1
#1590000000
b000110110 !
b000110110 %
1(
1,
b000110110 1
#1591000000
b000110111 !
b000110111 %
0,
b000110111 1
#1592000000
b000111000 !
b000111000 %
1(
1,
b000111000 1
#1593000000
b000111001 !
b000111001 %
0(
0,
b000111001 1
#1594000000
b000111010 !
b000111010 %
1(
1,
b000111010 1
#1595000000
b000111011 !
b000111011 %
0,
b000111011 1
#1596000000
b000111100 !
b000111100 %
1(
1,
b000111100 1
#1597000000
b000111101 !
b000111101 %
0(
0,
b000111101 1
#1598000000
b000111110 !
b000111110 %
1(
1,
b000111110 1
#1599000000
b000111111 !
b000111111 %
0,
b000111111 1
#1600000000
b001000000 !
b001000000 %
1(
1,
1-
b001000000 1
#1601000000
b001000001 !
b001000001 %
0(
0,
b001000001 1
#1602000000
b001000010 !
b001000010 %
1(
1,
b001000010 1
#1603000000
b001000011 !
b001000011 %
0,
b001000011 1
#1604000000
b001000100 !
b001000100 %
1(
1,
0-
b001000100 1
#1605000000
b001000101 !
b001000101 %
0(
0,
b001000101 1
#1606000000
b001000110 !
b001000110 %
1(
1,
b001000110 1
#1607000000
b001000111 !
b001000111 %
0,
b001000111 1
#1608000000
b001001000 !
b001001000 %
1(
1,
b001001000 1
#1609000000
b001001001 !
b001001001 %
0(
0,
b001001001 1
#1610000000
b001001010 !
b001001010 %
1(
1,
b001001010 1
#1611000000
b001001011 !
b001001011 %
0,
b001001011 1
#1612000000
b001001100 !
b001001100 %
1(
1,
b001001100 1
#1613000000
b001001101 !
b001001101 %
0(
0,
b001001101 1
#1614000000
b001001110 !
b001001110 %
1(
1,
b001001110 1
#1615000000
b001001111 !
b001001111 %
0,
b001001111 1
#1616000000
b001010000 !
b001010000 %
1(
1,
b001010000 1
#1617000000
b001010001 !
b001010001 %
0(
0,
b001010001 1
#1618000000
b001010010 !
b001010010 %
1(
1,
b001010010 1
#1619000000
b001010011 !
b001010011 %
0,
b001010011 1
#1620000000
b001010100 !
b001010100 %
1(
1,
b001010100 1
#1621000000
b001010101 !
b001010101 %
0(
0,
b001010101 1
#1622000000
b001010110 !
b001010110 %
1(
1,
b001010110 1
#1623000000
b001010111 !
b001010111 %
0,
b001010111 1
#1624000000
b001011000 !
b001011000 %
1(
1,
b001011000 1
#1625000000
b001011001 !
b001011001 %
0(
0,
b001011001 1
#1626000000
b001011010 !
b001011010 %
1(
1,
b001011010 1
#1627000000
b001011011 !
b001011011 %
0,
b001011011 1
#1628000000
b001011100 !
b001011100 %
1(
1,
b001011100 1
#1629000000
b001011101 !
b001011101 %
0(
0,
b001011101 1
#1630000000
b001011110 !
b001011110 %
1(
1,
b001011110 1
#1631000000
b001011111 !
b001011111 %
0,
b001011111 1
#1632000000
b001100000 !
b001100000 %
1(
0)
1*
1,
1-
1.
b001100000 1
#1633000000
b001100001 !
b001100001 %
0(
0,
b001100001 1
#1634000000
b001100010 !
b001100010 %
1(
1,
b001100010 1
#1635000000
b001100011 !
b001100011 %
0,
b001100011 1
#1636000000
b001100100 !
b001100100 %
1(
1)
1,
0-
b001100100 1
#1637000000
b001100101 !
b001100101 %
0(
0,
b001100101 1
#1638000000
b001100110 !
b001100110 %
1(
1,
b001100110 1
#1639000000
b001100111 !
b001100111 %
0,
b001100111 1
#1640000000
b001101000 !
b001101000 %
1(
1,
b001101000 1
#1641000000
b001101001 !
b001101001 %
0(
0,
b001101001 1
#1642000000
b001101010 !
b001101010 %
1(
1,
b001101010 1
#1643000000
b001101011 !
b001101011 %
0,
b001101011 1
#1644000000
b001101100 !
b001101100 %
1(
1,
b001101100 1
#1645000000
b001101101 !
b001101101 %
0(
0,
b001101101 1
#1646000000
b001101110 !
b001101110 %
1(
1,
b001101110 1
#1647000000
b001101111 !
b001101111 %
0,
b001101111 1
#1648000000
b001110000 !
b001110000 %
1(
1,
b001110000 1
#1649000000
b001110001 !
b001110001 %
0(
0,
b001110001 1
#1650000000
b001110010 !
b001110010 %
1(
1,
b001110010 1
#1651000000
b001110011 !
b001110011 %
0,
b001110011 1
#1652000000
b001110100 !
b001110100 %
1(
1,
b001110100 1
#1653000000
b001110101 !
b001110101 %
0(
0,
b001110101 1
#1654000000
b001110110 !
b001110110 %
1(
1,
b001110110 1
#1655000000
b001110111 !
b001110111 %
0,
b001110111 1
#1656000000
b001111000 !
b001111000 %
1(
1,
b001111000 1
#1657000000
b001111001 !
b001111001 %
0(
0,
b001111001 1
#1658000000
b001111010 !
b001111010 %
1(
1,
b001111010 1
#1659000000
b001111011 !
b001111011 %
0,
b001111011 1
#1660000000
b001111100 !
b001111100 %
1(
1,
b001111100 1
#1661000000
b001111101 !
b001111101 %
0(
0,
b001111101 1
#1662000000
b001111110 !
b001111110 %
1(
1,
b001111110 1
#1663000000
b001111111 !
b001111111 %
0,
b001111111 1
#1664000000
b010000000 !
b010000000 %
1(
0*
1,
1-
0.
b010000000 1
#1665000000
b010000001 !
b010000001 %
0(
0,
b010000001 1
#1666000000
b010000010 !
b010000010 %
1(
1,
b010000010 1
#1667000000
b010000011 !
b010000011 %
0,
b010000011 1
#1668000000
b010000100 !
b010000100 %
1(
1,
0-
b010000100 1
#1669000000
b010000101 !
b010000101 %
0(
0,
b010000101 1
#1670000000
b010000110 !
b010000110 %
1(
1,
b010000110 1
#1671000000
b010000111 !
b010000111 %
0,
b010000111 1
#1672000000
b010001000 !
b010001000 %
1(
1,
b010001000 1
#1673000000
b010001001 !
b010001001 %
0(
0,
b010001001 1
#1674000000
b010001010 !
b010001010 %
1(
1,
b010001010 1
#1675000000
b010001011 !
b010001011 %
0,
b010001011 1
#1676000000
b010001100 !
b010001100 %
1(
1,
b010001100 1
#1677000000
b010001101 !
b010001101 %
0(
0,
b010001101 1
#1678000000
b010001110 !
b010001110 %
1(
1,
b010001110 1
#1679000000
b010001111 !
b010001111 %
0,
b010001111 1
#1680000000
b010010000 !
b010010000 %
1(
1,
b010010000 1
#1681000000
b010010001 !
b010010001 %
0(
0,
b010010001 1
#1682000000
b010010010 !
b010010010 %
1(
1,
b010010010 1
#1683000000
b010010011 !
b010010011 %
0,
b010010011 1
#1684000000
b010010100 !
b010010100 %
1(
1,
b010010100 1
#1685000000
b010010101 !
b010010101 %
0(
0,
b010010101 1
#1686000000
b010010110 !
b010010110 %
1(
1,
b010010110 1
#1687000000
b010010111 !
b010010111 %
0,
b010010111 1
#1688000000
b010011000 !
b010011000 %
1(
1,
b010011000 1
#1689000000
b010011001 !
b010011001 %
0(
0,
b010011001 1
#1690000000
b010011010 !
b010011010 %
1(
1,
b010011010 1
#1691000000
b010011011 !
b010011011 %
0,
b010011011 1
#1692000000
b010011100 !
b010011100 %
1(
1,
b010011100 1
#1693000000
b010011101 !
b010011101 %
0(
0,
b010011101 1
#1694000000
b010011110 !
b010011110 %
1(
1,
b010011110 1
#1695000000
b010011111 !
b010011111 %
0,
b010011111 1
#1696000000
b010100000 !
b010100000 %
1(
0)
1,
1-
b010100000 1
#1697000000
b010100001 !
b010100001 %
0(
0,
b010100001 1
#1698000000
b010100010 !
b010100010 %
1(
1,
b010100010 1
#1699000000
b010100011 !
b010100011 %
0,
b010100011 1
#1700000000
b010100100 !
b010100100 %
1(
1)
1,
0-
b010100100 1
#1701000000
b010100101 !
b010100101 %
0(
0,
b010100101 1
#1702000000
b010100110 !
b010100110 %
1(
1,
b010100110 1
#1703000000
b010100111 !
b010100111 %
0,
b010100111 1
#1704000000
b010101000 !
b010101000 %
1(
1,
b010101000 1
#1705000000
b010101001 !
b010101001 %
0(
0,
b010101001 1
#1706000000
b010101010 !
b010101010 %
1(
1,
b010101010 1
#1707000000
b010101011 !
b010101011 %
0,
b010101011 1
#1708000000
b010101100 !
b010101100 %
1(
1,
b010101100 1
#1709000000
b010101101 !
b010101101 %
0(
0,
b010101101 1
#1710000000
b010101110 !
b010101110 %
1(
1,
b010101110 1
#1711000000
b010101111 !
b010101111 %
0,
b010101111 1
#1712000000
b010110000 !
b010110000 %
1(
1,
b010110000 1
#1713000000
b010110001 !
b010110001 %
0(
0,
b010110001 1
#1714000000
b010110010 !
b010110010 %
1(
1,
b010110010 1
#1715000000
b010110011 !
b010110011 %
0,
b010110011 1
#1716000000
b010110100 !
b010110100 %
1(
1,
b010110100 1
#1717000000
b010110101 !
b010110101 %
0(
0,
b010110101 1
#1718000000
b010110110 !
b010110110 %
1(
1,
b010110110 1
#1719000000
b010110111 !
b010110111 %
0,
b010110111 1
#1720000000
b010111000 !
b010111000 %
1(
1,
b010111000 1
#1721000000
b010111001 !
b010111001 %
0(
0,
b010111001 1
#1722000000
b010111010 !
b010111010 %
1(
1,
b010111010 1
#1723000000
b010111011 !
b010111011 %
0,
b010111011 1
#1724000000
b010111100 !
b010111100 %
1(
1,
b010111100 1
#1725000000
b010111101 !
b010111101 %
0(
0,
b010111101 1
#1726000000
b010111110 !
b010111110 %
1(
1,
b010111110 1
#1727000000
b010111111 !
b010111111 %
0,
b010111111 1
#1728000000
b011000000 !
b011000000 %
1(
1,
1-
b011000000 1
#1729000000
b011000001 !
b011000001 %
0(
0,
b011000001 1
#1730000000
b011000010 !
b011000010 %
1(
1,
b011000010 1
#1731000000
b011000011 !
b011000011 %
0,
b011000011 1
#1732000000
b011000100 !
b011000100 %
1(
1,
0-
b011000100 1
#1733000000
b011000101 !
b011000101 %
0(
0,
b011000101 1
#1734000000
b011000110 !
b011000110 %
1(
1,
b011000110 1
#1735000000
b011000111 !
b011000111 %
0,
b011000111 1
#1736000000
b011001000 !
b011001000 %
1(
1,
b011001000 1
#1737000000
b011001001 !
b011001001 %
0(
0,
b011001001 1
#1738000000
b011001010 !
b011001010 %
1(
1,
b011001010 1
#1739000000
b011001011 !
b011001011 %
0,
b011001011 1
#1740000000
b011001100 !
b011001100 %
1(
1,
b011001100 1
#1741000000
b011001101 !
b011001101 %
0(
0,
b011001101 1
#1742000000
b011001110 !
b011001110 %
1(
1,
b011001110 1
#1743000000
b011001111 !
b011001111 %
0,
b011001111 1
#1744000000
b011010000 !
b011010000 %
1(
1,
b011010000 1
#1745000000
b011010001 !
b011010001 %
0(
0,
b011010001 1
#1746000000
b011010010 !
b011010010 %
1(
1,
b011010010 1
#1747000000
b011010011 !
b011010011 %
0,
b011010011 1
#1748000000
b011010100 !
b011010100 %
1(
1,
b011010100 1
#1749000000
b011010101 !
b011010101 %
0(
0,
b011010101 1
#1750000000
b011010110 !
b011010110 %
1(
1,
b011010110 1
#1751000000
b011010111 !
b011010111 %
0,
b011010111 1
#1752000000
b011011000 !
b011011000 %
1(
1,
b011011000 1
#1753000000
b011011001 !
b011011001 %
0(
0,
b011011001 1
#1754000000
b011011010 !
b011011010 %
1(
1,
b011011010 1
#1755000000
b011011011 !
b011011011 %
0,
b011011011 1
#1756000000
b011011100 !
b011011100 %
1(
1,
b011011100 1
#1757000000
b011011101 !
b011011101 %
0(
0,
b011011101 1
#1758000000
b011011110 !
b011011110 %
1(
1,
b011011110 1
#1759000000
b011011111 !
b011011111 %
0,
b011011111 1
#1760000000
b011100000 !
1#
1$
b011100000 %
1'
1(
0)
1*
1+
1,
1-
1.
10
b011100000 1
13
#1761000000
b011100001 !
b011100001 %
0(
0,
b011100001 1
#1762000000
b011100010 !
b011100010 %
1(
1,
b011100010 1
#1763000000
b011100011 !
b011100011 %
0,
b011100011 1
#1764000000
b011100100 !
b011100100 %
1(
1)
1,
0-
b011100100 1
#1765000000
b011100101 !
b011100101 %
0(
0,
b011100101 1
#1766000000
b011100110 !
b011100110 %
1(
1,
b011100110 1
#1767000000
b011100111 !
b011100111 %
0,
b011100111 1
#1768000000
b011101000 !
b011101000 %
1(
1,
b011101000 1
#1769000000
b011101001 !
b011101001 %
0(
0,
b011101001 1
#1770000000
b011101010 !
b011101010 %
1(
1,
b011101010 1
#1771000000
b011101011 !
b011101011 %
0,
b011101011 1
#1772000000
b011101100 !
b011101100 %
1(
1,
b011101100 1
#1773000000
b011101101 !
b011101101 %
0(
0,
b011101101 1
#1774000000
b011101110 !
b011101110 %
1(
1,
b011101110 1
#1775000000
b011101111 !
b011101111 %
0,
b011101111 1
#1776000000
b011110000 !
b011110000 %
1(
1,
b011110000 1
#1777000000
b011110001 !
b011110001 %
0(
0,
b011110001 1
#1778000000
b011110010 !
b011110010 %
1(
1,
b011110010 1
#1779000000
b011110011 !
b011110011 %
0,
b011110011 1
#1780000000
b011110100 !
b011110100 %
1(
1,
b011110100 1
#1781000000
b011110101 !
b011110101 %
0(
0,
b011110101 1
#1782000000
b011110110 !
b011110110 %
1(
1,
b011110110 1
#1783000000
b011110111 !
b011110111 %
0,
b011110111 1
#1784000000
b011111000 !
b011111000 %
1(
1,
b011111000 1
#1785000000
b011111001 !
b011111001 %
0(
0,
b011111001 1
#1786000000
b011111010 !
b011111010 %
1(
1,
b011111010 1
#1787000000
b011111011 !
b011111011 %
0,
b011111011 1
#1788000000
b011111100 !
b011111100 %
1(
1,
b011111100 1
#1789000000
b011111101 !
b011111101 %
0(
0,
b011111101 1
#1790000000
b011111110 !
b011111110 %
1(
1,
b011111110 1
#1791000000
b011111111 !
b011111111 %
0,
b011111111 1
#1792000000
b100000000 !
1#
b100000000 %
1'
1(
0*
1+
1,
1-
0.
00
b100000000 1
#1793000000
b100000001 !
b100000001 %
0(
0,
b100000001 1
#1794000000
b100000010 !
b100000010 %
1(
1,
b100000010 1
#1795000000
b100000011 !
b100000011 %
0,
b100000011 1
#1796000000
b100000100 !
b100000100 %
1(
1,
0-
b100000100 1
#1797000000
b100000101 !
b100000101 %
0(
0,
b100000101 1
#1798000000
b100000110 !
b100000110 %
1(
1,
b100000110 1
#1799000000
b100000111 !
b100000111 %
0,
b100000111 1
#1800000000
b100001000 !
b100001000 %
1(
1,
b100001000 1
#1801000000
b100001001 !
b100001001 %
0(
0,
b100001001 1
#1802000000
b100001010 !
b100001010 %
1(
1,
b100001010 1
#1803000000
b100001011 !
b100001011 %
0,
b100001011 1
#1804000000
b100001100 !
b100001100 %
1(
1,
b100001100 1
#1805000000
b100001101 !
b100001101 %
0(
0,
b100001101 1
#1806000000
b100001110 !
b100001110 %
1(
1,
b100001110 1
#1807000000
b100001111 !
b100001111 %
0,
b100001111 1
#1808000000
b100010000 !
b100010000 %
1(
1,
b100010000 1
#1809000000
b100010001 !
b100010001 %
0(
0,
b100010001 1
#1810000000
b100010010 !
b100010010 %
1(
1,
b100010010 1
#1811000000
b100010011 !
b100010011 %
0,
b100010011 1
#1812000000
b100010100 !
b100010100 %
1(
1,
b100010100 1
#1813000000
b100010101 !
b100010101 %
0(
0,
b100010101 1
#1814000000
b100010110 !
b100010110 %
1(
1,
b100010110 1
#1815000000
b100010111 !
b100010111 %
0,
b100010111 1
#1816000000
b100011000 !
b100011000 %
1(
1,
b100011000 1
#1817000000
b100011001 !
b100011001 %
0(
0,
b100011001 1
#1818000000
b100011010 !
b100011010 %
1(
1,
b100011010 1
#1819000000
b100011011 !
b100011011 %
0,
b100011011 1
#1820000000
b100011100 !
b100011100 %
1(
1,
b100011100 1
#1821000000
b100011101 !
b100011101 %
0(
0,
b100011101 1
#1822000000
b100011110 !
b100011110 %
1(
1,
b100011110 1
#1823000000
b100011111 !
b100011111 %
0,
b100011111 1
#1824000000
b100100000 !
b100100000 %
1(
0)
1,
1-
b100100000 1
#1825000000
b100100001 !
b100100001 %
0(
0,
b100100001 1
#1826000000
b100100010 !
b100100010 %
1(
1,
b100100010 1
#1827000000
b100100011 !
b100100011 %
0,
b100100011 1
#1828000000
b100100100 !
b100100100 %
1(
1)
1,
0-
b100100100 1
#1829000000
b100100101 !
b100100101 %
0(
0,
b100100101 1
#1830000000
b100100110 !
b100100110 %
1(
1,
b100100110 1
#1831000000
b100100111 !
b100100111 %
0,
b100100111 1
#1832000000
b100101000 !
b100101000 %
1(
1,
b100101000 1
#1833000000
b100101001 !
b100101001 %
0(
0,
b100101001 1
#1834000000
b100101010 !
b100101010 %
1(
1,
b100101010 1
#1835000000
b100101011 !
b100101011 %
0,
b100101011 1
#1836000000
b100101100 !
b100101100 %
1(
1,
b100101100 1
#1837000000
b100101101 !
b100101101 %
0(
0,
b100101101 1
#1838000000
b100101110 !
b100101110 %
1(
1,
b100101110 1
#1839000000
b100101111 !
b100101111 %
0,
b100101111 1
#1840000000
b100110000 !
b100110000 %
1(
1,
b100110000 1
#1841000000
b100110001 !
b100110001 %
0(
0,
b100110001 1
#1842000000
b100110010 !
b100110010 %
1(
1,
b100110010 1
#1843000000
b100110011 !
b100110011 %
0,
b100110011 1
#1844000000
b100110100 !
b100110100 %
1(
1,
b100110100 1
#1845000000
b100110101 !
b100110101 %
0(
0,
b100110101 1
#1846000000
b100110110 !
b100110110 %
1(
1,
b100110110 1
#1847000000
b100110111 !
b100110111 %
0,
b100110111 1
#1848000000
b100111000 !
b100111000 %
1(
1,
b100111000 1
#1849000000
b100111001 !
b100111001 %
0(
0,
b100111001 1
#1850000000
b100111010 !
b100111010 %
1(
1,
b100111010 1
#1851000000
b100111011 !
b100111011 %
0,
b100111011 1
#1852000000
b100111100 !
b100111100 %
1(
1,
b100111100 1
#1853000000
b100111101 !
b100111101 %
0(
0,
b100111101 1
#1854000000
b100111110 !
b100111110 %
1(
1,
b100111110 1
#1855000000
b100111111 !
b100111111 %
0,
b100111111 1
#1856000000
b101000000 !
b101000000 %
1(
1,
1-
b101000000 1
#1857000000
b101000001 !
b101000001 %
0(
0,
b101000001 1
#1858000000
b101000010 !
b101000010 %
1(
1,
b101000010 1
#1859000000
b101000011 !
b101000011 %
0,
b101000011 1
#1860000000
b101000100 !
b101000100 %
1(
1,
0-
b101000100 1
#1861000000
b101000101 !
b101000101 %
0(
0,
b101000101 1
#1862000000
b101000110 !
b101000110 %
1(
1,
b101000110 1
#1863000000
b101000111 !
b101000111 %
0,
b101000111 1
#1864000000
b101001000 !
b101001000 %
1(
1,
b101001000 1
#1865000000
b101001001 !
b101001001 %
0(
0,
b101001001 1
#1866000000
b101001010 !
b101001010 %
1(
1,
b101001010 1
#1867000000
b101001011 !
b101001011 %
0,
b101001011 1
#1868000000
b101001100 !
b101001100 %
1(
1,
b101001100 1
#1869000000
b101001101 !
b101001101 %
0(
0,
b101001101 1
#1870000000
b101001110 !
b101001110 %
1(
1,
b101001110 1
#1871000000
b101001111 !
b101001111 %
0,
b101001111 1
#1872000000
b101010000 !
b101010000 %
1(
1,
b101010000 1
#1873000000
b101010001 !
b101010001 %
0(
0,
b101010001 1
#1874000000
b101010010 !
b101010010 %
1(
1,
b101010010 1
#1875000000
b101010011 !
b101010011 %
0,
b101010011 1
#1876000000
b101010100 !
b101010100 %
1(
1,
b101010100 1
#1877000000
b101010101 !
b101010101 %
0(
0,
b101010101 1
#1878000000
b101010110 !
b101010110 %
1(
1,
b101010110 1
#1879000000
b101010111 !
b101010111 %
0,
b101010111 1
#1880000000
b101011000 !
b101011000 %
1(
1,
b101011000 1
#1881000000
b101011001 !
b101011001 %
0(
0,
b101011001 1
#1882000000
b101011010 !
b101011010 %
1(
1,
b101011010 1
#1883000000
b101011011 !
b101011011 %
0,
b101011011 1
#1884000000
b101011100 !
b101011100 %
1(
1,
b101011100 1
#1885000000
b101011101 !
b101011101 %
0(
0,
b101011101 1
#1886000000
b101011110 !
b101011110 %
1(
1,
b101011110 1
#1887000000
b101011111 !
b101011111 %
0,
b101011111 1
#1888000000
b101100000 !
b101100000 %
1(
0)
1*
1,
1-
1.
b101100000 1
#1889000000
b101100001 !
b101100001 %
0(
0,
b101100001 1
#1890000000
b101100010 !
b101100010 %
1(
1,
b101100010 1
#1891000000
b101100011 !
b101100011 %
0,
b101100011 1
#1892000000
b101100100 !
b101100100 %
1(
1)
1,
0-
b101100100 1
#1893000000
b101100101 !
b101100101 %
0(
0,
b101100101 1
#1894000000
b101100110 !
b101100110 %
1(
1,
b101100110 1
#1895000000
b101100111 !
b101100111 %
0,
b101100111 1
#1896000000
b101101000 !
b101101000 %
1(
1,
b101101000 1
#1897000000
b101101001 !
b101101001 %
0(
0,
b101101001 1
#1898000000
b101101010 !
b101101010 %
1(
1,
b101101010 1
#1899000000
b101101011 !
b101101011 %
0,
b101101011 1
#1900000000
b101101100 !
b101101100 %
1(
1,
b101101100 1
#1901000000
b101101101 !
b101101101 %
0(
0,
b101101101 1
#1902000000
b101101110 !
b101101110 %
1(
1,
b101101110 1
#1903000000
b101101111 !
b101101111 %
0,
b101101111 1
#1904000000
b101110000 !
b101110000 %
1(
1,
b101110000 1
#1905000000
b101110001 !
b101110001 %
0(
0,
b101110001 1
#1906000000
b101110010 !
b101110010 %
1(
1,
b101110010 1
#1907000000
b101110011 !
b101110011 %
0,
b101110011 1
#1908000000
b101110100 !
b101110100 %
1(
1,
b101110100 1
#1909000000
b101110101 !
b101110101 %
0(
0,
b101110101 1
#1910000000
b101110110 !
b101110110 %
1(
1,
b101110110 1
#1911000000
b101110111 !
b101110111 %
0,
b101110111 1
#1912000000
b101111000 !
b101111000 %
1(
1,
b101111000 1
#1913000000
b101111001 !
b101111001 %
0(
0,
b101111001 1
#1914000000
b101111010 !
b101111010 %
1(
1,
b101111010 1
#1915000000
b101111011 !
b101111011 %
0,
b101111011 1
#1916000000
b101111100 !
b101111100 %
1(
1,
b101111100 1
#1917000000
b101111101 !
b101111101 %
0(
0,
b101111101 1
#1918000000
b101111110 !
b101111110 %
1(
1,
b101111110 1
#1919000000
b101111111 !
b101111111 %
0,
b101111111 1
#1920000000
b110000000 !
b110000000 %
1(
1,
1-
0.
1/
b110000000 1
#1921000000
b110000001 !
b110000001 %
0(
0,
b110000001 1
#1922000000
b110000010 !
b110000010 %
1(
1,
b110000010 1
#1923000000
b110000011 !
b110000011 %
0,
b110000011 1
#1924000000
b110000100 !
b110000100 %
1(
1,
0-
b110000100 1
#1925000000
b110000101 !
b110000101 %
0(
0,
b110000101 1
#1926000000
b110000110 !
b110000110 %
1(
1,
b110000110 1
#1927000000
b110000111 !
b110000111 %
0,
b110000111 1
#1928000000
b110001000 !
b110001000 %
1(
1,
b110001000 1
#1929000000
b110001001 !
b110001001 %
0(
0,
b110001001 1
#1930000000
b110001010 !
b110001010 %
1(
1,
b110001010 1
#1931000000
b110001011 !
b110001011 %
0,
b110001011 1
#1932000000
b110001100 !
b110001100 %
1(
1,
b110001100 1
#1933000000
b110001101 !
b110001101 %
0(
0,
b110001101 1
#1934000000
b110001110 !
b110001110 %
1(
1,
b110001110 1
#1935000000
b110001111 !
b110001111 %
0,
b110001111 1
#1936000000
b110010000 !
b110010000 %
1(
1,
b110010000 1
#1937000000
b110010001 !
b110010001 %
0(
0,
b110010001 1
#1938000000
b110010010 !
b110010010 %
1(
1,
b110010010 1
#1939000000
b110010011 !
b110010011 %
0,
b110010011 1
#1940000000
b110010100 !
b110010100 %
1(
1,
b110010100 1
#1941000000
b110010101 !
b110010101 %
0(
0,
b110010101 1
#1942000000
b110010110 !
b110010110 %
1(
1,
b110010110 1
#1943000000
b110010111 !
b110010111 %
0,
b110010111 1
#1944000000
b110011000 !
b110011000 %
1(
1,
b110011000 1
#1945000000
b110011001 !
b110011001 %
0(
0,
b110011001 1
#1946000000
b110011010 !
b110011010 %
1(
1,
b110011010 1
#1947000000
b110011011 !
b110011011 %
0,
b110011011 1
#1948000000
b110011100 !
b110011100 %
1(
1,
b110011100 1
#1949000000
b110011101 !
b110011101 %
0(
0,
b110011101 1
#1950000000
b110011110 !
b110011110 %
1(
1,
b110011110 1
#1951000000
b110011111 !
b110011111 %
0,
b110011111 1
#1952000000
b110100000 !
b110100000 %
1(
0)
1,
1-
b110100000 1
#1953000000
b110100001 !
b110100001 %
0(
0,
b110100001 1
#1954000000
b110100010 !
b110100010 %
1(
1,
b110100010 1
#1955000000
b110100011 !
b110100011 %
0,
b110100011 1
#1956000000
b110100100 !
b110100100 %
1(
1)
1,
0-
b110100100 1
#1957000000
b110100101 !
b110100101 %
0(
0,
b110100101 1
#1958000000
b110100110 !
b110100110 %
1(
1,
b110100110 1
#1959000000
b110100111 !
b110100111 %
0,
b110100111 1
#1960000000
b110101000 !
b110101000 %
1(
1,
b110101000 1
#1961000000
b110101001 !
b110101001 %
0(
0,
b110101001 1
#1962000000
b110101010 !
b110101010 %
1(
1,
b110101010 1
#1963000000
b110101011 !
b110101011 %
0,
b110101011 1
#1964000000
b110101100 !
b110101100 %
1(
1,
b110101100 1
#1965000000
b110101101 !
b110101101 %
0(
0,
b110101101 1
#1966000000
b110101110 !
b110101110 %
1(
1,
b110101110 1
#1967000000
b110101111 !
b110101111 %
0,
b110101111 1
#1968000000
b110110000 !
b110110000 %
1(
1,
b110110000 1
#1969000000
b110110001 !
b110110001 %
0(
0,
b110110001 1
#1970000000
b110110010 !
b110110010 %
1(
1,
b110110010 1
#1971000000
b110110011 !
b110110011 %
0,
b110110011 1
#1972000000
b110110100 !
b110110100 %
1(
1,
b110110100 1
#1973000000
b110110101 !
b110110101 %
0(
0,
b110110101 1
#1974000000
b110110110 !
b110110110 %
1(
1,
b110110110 1
#1975000000
b110110111 !
b110110111 %
0,
b110110111 1
#1976000000
b110111000 !
b110111000 %
1(
1,
b110111000 1
#1977000000
b110111001 !
b110111001 %
0(
0,
b110111001 1
#1978000000
b110111010 !
b110111010 %
1(
1,
b110111010 1
#1979000000
b110111011 !
b110111011 %
0,
b110111011 1
#1980000000
b110111100 !
b110111100 %
1(
1,
b110111100 1
#1981000000
b110111101 !
b110111101 %
0(
0,
b110111101 1
#1982000000
b110111110 !
b110111110 %
1(
1,
b110111110 1
#1983000000
b110111111 !
b110111111 %
0,
b110111111 1
#1984000000
b111000000 !
b111000000 %
1(
1,
1-
b111000000 1
#1985000000
b111000001 !
b111000001 %
0(
0,
b111000001 1
#1986000000
b111000010 !
b111000010 %
1(
1,
b111000010 1
#1987000000
b111000011 !
b111000011 %
0,
b111000011 1
#1988000000
b111000100 !
b111000100 %
1(
1,
0-
b111000100 1
#1989000000
b111000101 !
b111000101 %
0(
0,
b111000101 1
#1990000000
b111000110 !
b111000110 %
1(
1,
b111000110 1
#1991000000
b111000111 !
b111000111 %
0,
b111000111 1
#1992000000
b111001000 !
b111001000 %
1(
1,
b111001000 1
#1993000000
b111001001 !
b111001001 %
0(
0,
b111001001 1
#1994000000
b111001010 !
b111001010 %
1(
1,
b111001010 1
#1995000000
b111001011 !
b111001011 %
0,
b111001011 1
#1996000000
b111001100 !
b111001100 %
1(
1,
b111001100 1
#1997000000
b111001101 !
b111001101 %
0(
0,
b111001101 1
#1998000000
b111001110 !
b111001110 %
1(
1,
b111001110 1
#1999000000
b111001111 !
b111001111 %
0,
b111001111 1
#2000000000
b111010000 !
b111010000 %
1(
1,
b111010000 1
#2001000000
b111010001 !
b111010001 %
0(
0,
b111010001 1
#2002000000
b111010010 !
b111010010 %
1(
1,
b111010010 1
#2003000000
b111010011 !
b111010011 %
0,
b111010011 1
#2004000000
b111010100 !
b111010100 %
1(
1,
b111010100 1
#2005000000
b111010101 !
b111010101 %
0(
0,
b111010101 1
#2006000000
b111010110 !
b111010110 %
1(
1,
b111010110 1
#2007000000
b111010111 !
b111010111 %
0,
b111010111 1
#2008000000
b111011000 !
b111011000 %
1(
1,
b111011000 1
#2009000000
b111011001 !
b111011001 %
0(
0,
b111011001 1
#2010000000
b111011010 !
b111011010 %
1(
1,
b111011010 1
#2011000000
b111011011 !
b111011011 %
0,
b111011011 1
#2012000000
b111011100 !
b111011100 %
1(
1,
b111011100 1
#2013000000
b111011101 !
b111011101 %
0(
0,
b111011101 1
#2014000000
b111011110 !
b111011110 %
1(
1,
b111011110 1
#2015000000
b111011111 !
b111011111 %
0,
b111011111 1
#2016000000
b111100000 !
0#
0$
b111100000 %
0'
1(
0)
0+
1,
1-
1.
10
b111100000 1
03
#2017000000
b111100001 !
b111100001 %
0(
0,
b111100001 1
#2018000000
b111100010 !
b111100010 %
1(
1,
b111100010 1
#2019000000
b111100011 !
b111100011 %
0,
b111100011 1
#2020000000
b111100100 !
b111100100 %
1(
1)
1,
0-
b111100100 1
#2021000000
b111100101 !
b111100101 %
0(
0,
b111100101 1
#2022000000
b111100110 !
b111100110 %
1(
1,
b111100110 1
#2023000000
b111100111 !
b111100111 %
0,
b111100111 1
#2024000000
b111101000 !
b111101000 %
1(
1,
b111101000 1
#2025000000
b111101001 !
b111101001 %
0(
0,
b111101001 1
#2026000000
b111101010 !
b111101010 %
1(
1,
b111101010 1
#2027000000
b111101011 !
b111101011 %
0,
b111101011 1
#2028000000
b111101100 !
b111101100 %
1(
1,
b111101100 1
#2029000000
b111101101 !
b111101101 %
0(
0,
b111101101 1
#2030000000
b111101110 !
b111101110 %
1(
1,
b111101110 1
#2031000000
b111101111 !
b111101111 %
0,
b111101111 1
#2032000000
b111110000 !
b111110000 %
1(
1,
b111110000 1
#2033000000
b111110001 !
b111110001 %
0(
0,
b111110001 1
#2034000000
b111110010 !
b111110010 %
1(
1,
b111110010 1
#2035000000
b111110011 !
b111110011 %
0,
b111110011 1
#2036000000
b111110100 !
b111110100 %
1(
1,
b111110100 1
#2037000000
b111110101 !
b111110101 %
0(
0,
b111110101 1
#2038000000
b111110110 !
b111110110 %
1(
1,
b111110110 1
#2039000000
b111110111 !
b111110111 %
0,
b111110111 1
#2040000000
b111111000 !
b111111000 %
1(
1,
b111111000 1
#2041000000
b111111001 !
b111111001 %
0(
0,
b111111001 1
#2042000000
b111111010 !
b111111010 %
1(
1,
b111111010 1
#2043000000
b111111011 !
b111111011 %
0,
b111111011 1
#2044000000
b111111100 !
b111111100 %
1(
1,
b111111100 1
#2045000000
b111111101 !
b111111101 %
0(
0,
b111111101 1
#2046000000
b111111110 !
b111111110 %
1(
1,
b111111110 1
#2047000000
b111111111 !
b111111111 %
0,
b111111111 1
